,Transition
original_shape_MajorAxisLength,-0.16632469877266406
original_shape_Maximum2DDiameterColumn,-0.1553910496179761
original_shape_Maximum2DDiameterRow,-0.1184471399830565
original_shape_Maximum2DDiameterSlice,-0.1374621622507934
original_shape_MeshVolume,-0.5043385937785893
original_shape_MinorAxisLength,-0.18808916010753154
original_shape_Sphericity,-0.49519789098130773
original_shape_SurfaceArea,-0.3243225967788597
original_shape_SurfaceVolumeRatio,0.5575469755994956
original_shape_VoxelVolume,-0.5033051300182108
original_firstorder_10Percentile,-0.48537378930132313
original_firstorder_90Percentile,-0.1386689346456473
original_firstorder_Energy,-0.5458223951228341
original_firstorder_Entropy,0.40379020740923155
original_firstorder_InterquartileRange,0.4656984922912737
original_firstorder_Kurtosis,-0.11644954243450191
original_firstorder_MeanAbsoluteDeviation,0.46334402227180566
original_firstorder_Mean,-0.4071182039432059
original_firstorder_Median,-0.2872257382693376
original_firstorder_Minimum,-0.20967679806637465
original_firstorder_Range,0.17648571944527738
original_firstorder_RobustMeanAbsoluteDeviation,0.4763123604363291
original_firstorder_RootMeanSquared,-0.37172953139302195
original_firstorder_Skewness,-0.2792091281312932
original_firstorder_TotalEnergy,-0.5458223951228341
original_firstorder_Uniformity,-0.24333923736735188
original_firstorder_Variance,0.4264343347488744
original_glcm_Autocorrelation,-0.11101788996384299
original_glcm_ClusterProminence,0.334606873091348
original_glcm_ClusterShade,-0.3501857110913842
original_glcm_ClusterTendency,0.34219699846487195
original_glcm_Contrast,0.3657678054297073
original_glcm_Correlation,0.2730393301236689
original_glcm_DifferenceAverage,0.3169630008447318
original_glcm_DifferenceEntropy,0.38899877030095953
original_glcm_DifferenceVariance,0.4070140018534873
original_glcm_Id,-0.289466667432173
original_glcm_Idm,-0.3010848466354809
original_glcm_Idmn,-0.2439007289357293
original_glcm_Idn,-0.2703370492032737
original_glcm_Imc1,-0.25304950690897143
original_glcm_Imc2,0.30730043410345176
original_glcm_InverseVariance,0.22676409523102187
original_glcm_JointAverage,-0.10363736518550146
original_glcm_JointEnergy,-0.18013390532471865
original_glcm_JointEntropy,0.37551810308824746
original_glcm_MCC,0.30063405429861106
original_glcm_SumAverage,-0.10363736518550146
original_glcm_SumEntropy,0.36224770789272176
original_glcm_SumSquares,0.3542373399450444
original_gldm_DependenceEntropy,0.3076573427224172
original_gldm_DependenceNonUniformity,-0.4576541562540543
original_gldm_GrayLevelNonUniformity,-0.5074735356252305
original_gldm_GrayLevelVariance,0.3771045582570972
original_gldm_HighGrayLevelEmphasis,-0.10691389367636284
original_gldm_LargeDependenceEmphasis,-0.33819169091349643
original_gldm_LargeDependenceHighGrayLevelEmphasis,-0.33952177311767917
original_gldm_LargeDependenceLowGrayLevelEmphasis,-0.14466996979392832
original_gldm_LowGrayLevelEmphasis,0.15160410861078946
original_gldm_SmallDependenceEmphasis,0.5289792838651817
original_gldm_SmallDependenceHighGrayLevelEmphasis,0.39615056528343395
original_gldm_SmallDependenceLowGrayLevelEmphasis,0.3706313932247736
original_glrlm_GrayLevelNonUniformity,-0.5234246929264873
original_glrlm_GrayLevelNonUniformityNormalized,-0.46999775944040195
original_glrlm_GrayLevelVariance,0.4426744866641594
original_glrlm_HighGrayLevelRunEmphasis,-0.1649482240790699
original_glrlm_LongRunEmphasis,-0.3325548514915556
original_glrlm_LongRunHighGrayLevelEmphasis,-0.3611264368492757
original_glrlm_LongRunLowGrayLevelEmphasis,-0.18892139420279755
original_glrlm_LowGrayLevelRunEmphasis,0.19888862667464569
original_glrlm_RunLengthNonUniformityNormalized,0.5026400727669313
original_glrlm_RunPercentage,0.39916998712869933
original_glrlm_RunVariance,-0.2806886580146011
original_glrlm_ShortRunEmphasis,0.5156521053297883
original_glrlm_ShortRunLowGrayLevelEmphasis,0.3024910668741333
original_glszm_GrayLevelNonUniformityNormalized,-0.2322402742188994
original_glszm_LargeAreaEmphasis,-0.5511193402087323
original_glszm_LargeAreaHighGrayLevelEmphasis,-0.5309127506365781
original_glszm_LargeAreaLowGrayLevelEmphasis,-0.40971285340303365
original_glszm_LowGrayLevelZoneEmphasis,0.10726634033578854
original_glszm_SizeZoneNonUniformityNormalized,-0.15639752770956064
original_glszm_SmallAreaEmphasis,-0.1628749315097326
original_glszm_SmallAreaHighGrayLevelEmphasis,-0.13351093199009537
original_glszm_ZoneEntropy,0.29765946697335627
original_glszm_ZonePercentage,0.4588099252425485
original_glszm_ZoneVariance,-0.5540794242635106
original_ngtdm_Busyness,-0.32117615336562017
original_ngtdm_Coarseness,0.481941634242936
original_ngtdm_Contrast,0.3069652289385667
original_ngtdm_Strength,0.4028879488461828
wavelet-LLH_firstorder_10Percentile,-0.44712367442250706
wavelet-LLH_firstorder_90Percentile,0.25511843667024264
wavelet-LLH_firstorder_Entropy,0.1951339558401678
wavelet-LLH_firstorder_InterquartileRange,0.4430662856724231
wavelet-LLH_firstorder_Kurtosis,-0.36032977874733574
wavelet-LLH_firstorder_Maximum,-0.16960390659925081
wavelet-LLH_firstorder_MeanAbsoluteDeviation,0.4188035049621948
wavelet-LLH_firstorder_Mean,-0.38605501429216665
wavelet-LLH_firstorder_Median,-0.40514783380473535
wavelet-LLH_firstorder_Minimum,-0.19660520450047797
wavelet-LLH_firstorder_RobustMeanAbsoluteDeviation,0.4393585449203985
wavelet-LLH_firstorder_RootMeanSquared,0.3842551439776348
wavelet-LLH_firstorder_Skewness,-0.23368345229458606
wavelet-LLH_firstorder_Variance,0.36231516783439044
wavelet-LLH_glcm_ClusterProminence,0.2019721513974034
wavelet-LLH_glcm_ClusterShade,0.2058447056654913
wavelet-LLH_glcm_ClusterTendency,0.26672658060174437
wavelet-LLH_glcm_Correlation,0.3434096095870906
wavelet-LLH_glcm_DifferenceAverage,-0.22218039564771325
wavelet-LLH_glcm_DifferenceVariance,0.10709864857768224
wavelet-LLH_glcm_Id,0.2745019047959881
wavelet-LLH_glcm_Idm,0.255253319145584
wavelet-LLH_glcm_Imc1,-0.31530142504760494
wavelet-LLH_glcm_Imc2,0.3507787239127546
wavelet-LLH_glcm_InverseVariance,-0.3403929586745212
wavelet-LLH_glcm_JointEnergy,0.12699542759204052
wavelet-LLH_glcm_JointEntropy,0.17234953861530067
wavelet-LLH_glcm_MCC,0.21490131466123816
wavelet-LLH_glcm_MaximumProbability,0.3595032191730938
wavelet-LLH_glcm_SumEntropy,0.23818708412096168
wavelet-LLH_glcm_SumSquares,0.17533540526053612
wavelet-LLH_gldm_DependenceEntropy,0.31461972839589925
wavelet-LLH_gldm_DependenceNonUniformity,-0.5140797907640101
wavelet-LLH_gldm_DependenceNonUniformityNormalized,-0.37651555362659683
wavelet-LLH_gldm_DependenceVariance,0.37400678516828895
wavelet-LLH_gldm_GrayLevelNonUniformity,-0.5070015998280397
wavelet-LLH_gldm_GrayLevelVariance,0.17155395408960103
wavelet-LLH_gldm_LargeDependenceEmphasis,-0.22620793243636092
wavelet-LLH_gldm_SmallDependenceEmphasis,0.46644998324067255
wavelet-LLH_gldm_SmallDependenceHighGrayLevelEmphasis,0.23263359836267858
wavelet-LLH_gldm_SmallDependenceLowGrayLevelEmphasis,0.2851595491798036
wavelet-LLH_glrlm_GrayLevelNonUniformity,-0.49766347426430413
wavelet-LLH_glrlm_GrayLevelNonUniformityNormalized,-0.21681458758514044
wavelet-LLH_glrlm_GrayLevelVariance,0.2157606052059764
wavelet-LLH_glrlm_LongRunEmphasis,-0.2694651896726577
wavelet-LLH_glrlm_LongRunLowGrayLevelEmphasis,-0.10098169370083077
wavelet-LLH_glrlm_RunLengthNonUniformity,-0.433146597153081
wavelet-LLH_glrlm_RunLengthNonUniformityNormalized,0.3685315142493244
wavelet-LLH_glrlm_RunPercentage,0.3391416804547521
wavelet-LLH_glrlm_RunVariance,-0.14936963917304977
wavelet-LLH_glrlm_ShortRunEmphasis,0.39160534136833125
wavelet-LLH_glrlm_ShortRunHighGrayLevelEmphasis,0.1260881274423897
wavelet-LLH_glszm_GrayLevelNonUniformity,0.18829815039103145
wavelet-LLH_glszm_LargeAreaEmphasis,-0.515209687053596
wavelet-LLH_glszm_LargeAreaHighGrayLevelEmphasis,-0.4558479074078577
wavelet-LLH_glszm_LargeAreaLowGrayLevelEmphasis,-0.4764395765513648
wavelet-LLH_glszm_SizeZoneNonUniformityNormalized,-0.1379083924715244
wavelet-LLH_glszm_SmallAreaEmphasis,-0.13795308205300175
wavelet-LLH_glszm_SmallAreaHighGrayLevelEmphasis,-0.12326655312822095
wavelet-LLH_glszm_ZoneEntropy,0.2214387588230897
wavelet-LLH_glszm_ZonePercentage,0.4562031433848959
wavelet-LLH_glszm_ZoneVariance,-0.5214002994308047
wavelet-LLH_ngtdm_Busyness,-0.29884623335326777
wavelet-LLH_ngtdm_Coarseness,0.5061357131374695
wavelet-LLH_ngtdm_Strength,0.19017456596109827
wavelet-LHL_firstorder_10Percentile,-0.36768789052743506
wavelet-LHL_firstorder_90Percentile,0.21713486379376162
wavelet-LHL_firstorder_Entropy,0.3410027815643599
wavelet-LHL_firstorder_InterquartileRange,0.36613925495633654
wavelet-LHL_firstorder_Maximum,0.14438900261604842
wavelet-LHL_firstorder_MeanAbsoluteDeviation,0.3536885117317274
wavelet-LHL_firstorder_Mean,-0.4150674678463131
wavelet-LHL_firstorder_Median,-0.47221449212144423
wavelet-LHL_firstorder_Range,0.13917559447505093
wavelet-LHL_firstorder_RobustMeanAbsoluteDeviation,0.35797813876028495
wavelet-LHL_firstorder_RootMeanSquared,0.34870101894902866
wavelet-LHL_firstorder_Skewness,0.3311031548189426
wavelet-LHL_firstorder_Uniformity,-0.3427418173068932
wavelet-LHL_firstorder_Variance,0.35060515999358466
wavelet-LHL_glcm_ClusterProminence,0.3398765851757685
wavelet-LHL_glcm_ClusterShade,0.3359000467461768
wavelet-LHL_glcm_ClusterTendency,0.40879000632806883
wavelet-LHL_glcm_Contrast,0.14723745121772183
wavelet-LHL_glcm_Correlation,0.5155079692862679
wavelet-LHL_glcm_DifferenceEntropy,0.17223660680747177
wavelet-LHL_glcm_DifferenceVariance,0.19232754460790075
wavelet-LHL_glcm_Imc1,-0.34771824606561885
wavelet-LHL_glcm_Imc2,0.3072400817205148
wavelet-LHL_glcm_InverseVariance,-0.188265606124742
wavelet-LHL_glcm_JointEnergy,-0.32056215920575937
wavelet-LHL_glcm_JointEntropy,0.3138438584193332
wavelet-LHL_glcm_MCC,0.2607237745875403
wavelet-LHL_glcm_MaximumProbability,-0.32458230454597087
wavelet-LHL_glcm_SumEntropy,0.41457836630291695
wavelet-LHL_glcm_SumSquares,0.3236950094255799
wavelet-LHL_gldm_DependenceEntropy,0.3961042255029968
wavelet-LHL_gldm_DependenceNonUniformity,-0.4927893648382646
wavelet-LHL_gldm_GrayLevelNonUniformity,-0.5278051020807762
wavelet-LHL_gldm_GrayLevelVariance,0.3414760135707919
wavelet-LHL_gldm_LargeDependenceEmphasis,-0.2277573936510507
wavelet-LHL_gldm_LargeDependenceHighGrayLevelEmphasis,-0.10409425353453033
wavelet-LHL_gldm_SmallDependenceEmphasis,0.3507158988563616
wavelet-LHL_gldm_SmallDependenceHighGrayLevelEmphasis,0.191197091525432
wavelet-LHL_gldm_SmallDependenceLowGrayLevelEmphasis,0.16655332041058812
wavelet-LHL_glrlm_GrayLevelNonUniformity,-0.5304267760034606
wavelet-LHL_glrlm_GrayLevelNonUniformityNormalized,-0.3043751139644872
wavelet-LHL_glrlm_GrayLevelVariance,0.33525522128460117
wavelet-LHL_glrlm_LongRunEmphasis,-0.29523878501811407
wavelet-LHL_glrlm_LongRunHighGrayLevelEmphasis,-0.14844615136749567
wavelet-LHL_glrlm_RunEntropy,0.24779959247505381
wavelet-LHL_glrlm_RunLengthNonUniformity,-0.39707308458150653
wavelet-LHL_glrlm_RunLengthNonUniformityNormalized,0.21702494261338823
wavelet-LHL_glrlm_RunPercentage,0.25899819577277505
wavelet-LHL_glrlm_RunVariance,-0.2810065933978122
wavelet-LHL_glrlm_ShortRunEmphasis,0.24416569888313416
wavelet-LHL_glszm_GrayLevelNonUniformity,-0.19994454212922558
wavelet-LHL_glszm_GrayLevelNonUniformityNormalized,-0.26296792262008184
wavelet-LHL_glszm_LargeAreaEmphasis,-0.4245333910895791
wavelet-LHL_glszm_LargeAreaHighGrayLevelEmphasis,-0.39632001114392756
wavelet-LHL_glszm_LargeAreaLowGrayLevelEmphasis,-0.21382532772040813
wavelet-LHL_glszm_ZoneEntropy,0.17301600129051084
wavelet-LHL_glszm_ZonePercentage,0.3538557527324878
wavelet-LHL_glszm_ZoneVariance,-0.43249884438685543
wavelet-LHL_ngtdm_Busyness,-0.2375588386083251
wavelet-LHL_ngtdm_Coarseness,0.5528960541386377
wavelet-LHL_ngtdm_Strength,0.3509263515137636
wavelet-LHH_firstorder_10Percentile,-0.1342245128408734
wavelet-LHH_firstorder_90Percentile,0.2079248647541315
wavelet-LHH_firstorder_Energy,-0.20081028664225967
wavelet-LHH_firstorder_InterquartileRange,0.1642463562336238
wavelet-LHH_firstorder_MeanAbsoluteDeviation,0.18097510280190582
wavelet-LHH_firstorder_Mean,0.20284691398613192
wavelet-LHH_firstorder_Median,0.14949302922115887
wavelet-LHH_firstorder_RobustMeanAbsoluteDeviation,0.1718647454433563
wavelet-LHH_firstorder_RootMeanSquared,0.1785819475715918
wavelet-LHH_firstorder_TotalEnergy,-0.20081028664225967
wavelet-LHH_firstorder_Uniformity,0.17157918738604944
wavelet-LHH_firstorder_Variance,0.17598831902824605
wavelet-LHH_glcm_ClusterProminence,0.36913987400722276
wavelet-LHH_glcm_ClusterTendency,0.42559211940132713
wavelet-LHH_glcm_Contrast,-0.44000924454889195
wavelet-LHH_glcm_Correlation,0.43535612169494997
wavelet-LHH_glcm_DifferenceAverage,-0.4382557352096527
wavelet-LHH_glcm_DifferenceEntropy,-0.17589096625551393
wavelet-LHH_glcm_DifferenceVariance,-0.17313148303574336
wavelet-LHH_glcm_Id,0.43745753593361975
wavelet-LHH_glcm_Idm,0.4377888373845666
wavelet-LHH_glcm_Imc1,-0.15224781720901812
wavelet-LHH_glcm_InverseVariance,-0.43593436876217506
wavelet-LHH_glcm_JointEnergy,0.18256297344449046
wavelet-LHH_glcm_JointEntropy,-0.1660534631589647
wavelet-LHH_glcm_MaximumProbability,0.18154406786962315
wavelet-LHH_glcm_SumEntropy,0.3684170716894805
wavelet-LHH_gldm_DependenceEntropy,0.5893097666506504
wavelet-LHH_gldm_DependenceNonUniformity,-0.5590414416186135
wavelet-LHH_gldm_DependenceNonUniformityNormalized,-0.6190580021177544
wavelet-LHH_gldm_DependenceVariance,0.5923520411772675
wavelet-LHH_gldm_GrayLevelNonUniformity,-0.5030547342056751
wavelet-LHH_gldm_LargeDependenceEmphasis,-0.3497705879436198
wavelet-LHH_gldm_SmallDependenceEmphasis,0.5281846919199252
wavelet-LHH_gldm_SmallDependenceLowGrayLevelEmphasis,0.2735694515622187
wavelet-LHH_glrlm_GrayLevelNonUniformity,-0.49681861968536517
wavelet-LHH_glrlm_GrayLevelNonUniformityNormalized,0.2304024714444594
wavelet-LHH_glrlm_GrayLevelVariance,-0.10787253287215814
wavelet-LHH_glrlm_LongRunEmphasis,-0.2678963833255765
wavelet-LHH_glrlm_LongRunHighGrayLevelEmphasis,-0.10409401985033537
wavelet-LHH_glrlm_RunEntropy,-0.44183710277593036
wavelet-LHH_glrlm_RunLengthNonUniformity,-0.4821268931176516
wavelet-LHH_glrlm_RunLengthNonUniformityNormalized,0.45760268551192035
wavelet-LHH_glrlm_RunPercentage,0.44252583289081815
wavelet-LHH_glrlm_RunVariance,-0.20702008147747739
wavelet-LHH_glrlm_ShortRunEmphasis,0.4799666645146186
wavelet-LHH_glszm_GrayLevelNonUniformity,0.27947085982619685
wavelet-LHH_glszm_LargeAreaEmphasis,-0.5010380168152962
wavelet-LHH_glszm_LargeAreaHighGrayLevelEmphasis,-0.3715169060131393
wavelet-LHH_glszm_LargeAreaLowGrayLevelEmphasis,-0.3948588875977253
wavelet-LHH_glszm_SizeZoneNonUniformity,0.1666895844712483
wavelet-LHH_glszm_ZoneEntropy,0.19086881681392873
wavelet-LHH_glszm_ZonePercentage,0.43970813111580853
wavelet-LHH_glszm_ZoneVariance,-0.5228226566825334
wavelet-LHH_ngtdm_Busyness,-0.13004852036966075
wavelet-LHH_ngtdm_Coarseness,0.5029565859016607
wavelet-HLL_firstorder_10Percentile,-0.2968963267785267
wavelet-HLL_firstorder_90Percentile,0.12020497401323442
wavelet-HLL_firstorder_Entropy,0.11685043022489841
wavelet-HLL_firstorder_InterquartileRange,0.22126260649775703
wavelet-HLL_firstorder_Kurtosis,-0.17616800187006218
wavelet-HLL_firstorder_MeanAbsoluteDeviation,0.207798701178755
wavelet-HLL_firstorder_Mean,-0.1705562974491972
wavelet-HLL_firstorder_Median,-0.2080325185652912
wavelet-HLL_firstorder_RobustMeanAbsoluteDeviation,0.2255442936958315
wavelet-HLL_firstorder_RootMeanSquared,0.17648320526492378
wavelet-HLL_firstorder_Skewness,-0.10351705073137427
wavelet-HLL_firstorder_Variance,0.17045649224372972
wavelet-HLL_glcm_ClusterShade,0.1252170299616503
wavelet-HLL_glcm_ClusterTendency,0.17527219418897685
wavelet-HLL_glcm_Correlation,0.3199001967489513
wavelet-HLL_glcm_DifferenceAverage,-0.153331456225374
wavelet-HLL_glcm_Id,0.22971692412541822
wavelet-HLL_glcm_Idm,0.20208207519209367
wavelet-HLL_glcm_Idn,0.12159879839015943
wavelet-HLL_glcm_Imc1,-0.1724051094864295
wavelet-HLL_glcm_Imc2,0.16863952549042555
wavelet-HLL_glcm_InverseVariance,-0.33769597599873213
wavelet-HLL_glcm_JointEntropy,0.11305646040477284
wavelet-HLL_glcm_MaximumProbability,0.25685135484605476
wavelet-HLL_glcm_SumEntropy,0.1720958718735732
wavelet-HLL_glcm_SumSquares,0.11292390839597014
wavelet-HLL_gldm_DependenceEntropy,0.31360061790947463
wavelet-HLL_gldm_DependenceNonUniformity,-0.5286639370552537
wavelet-HLL_gldm_DependenceNonUniformityNormalized,-0.4194784410253427
wavelet-HLL_gldm_DependenceVariance,0.39529928039237383
wavelet-HLL_gldm_GrayLevelNonUniformity,-0.5056022472213745
wavelet-HLL_gldm_GrayLevelVariance,0.1076969243553264
wavelet-HLL_gldm_LargeDependenceEmphasis,-0.2049706122124341
wavelet-HLL_gldm_SmallDependenceEmphasis,0.431867673654594
wavelet-HLL_gldm_SmallDependenceHighGrayLevelEmphasis,0.21412287915405953
wavelet-HLL_gldm_SmallDependenceLowGrayLevelEmphasis,0.22722689463569032
wavelet-HLL_glrlm_GrayLevelNonUniformity,-0.5000820346442001
wavelet-HLL_glrlm_GrayLevelNonUniformityNormalized,-0.1283652078988878
wavelet-HLL_glrlm_GrayLevelVariance,0.11698786288078883
wavelet-HLL_glrlm_LongRunEmphasis,-0.32791243818414656
wavelet-HLL_glrlm_RunLengthNonUniformity,-0.45492014967006444
wavelet-HLL_glrlm_RunLengthNonUniformityNormalized,0.32275659052082994
wavelet-HLL_glrlm_RunPercentage,0.3160010241892217
wavelet-HLL_glrlm_RunVariance,-0.23655026778066138
wavelet-HLL_glrlm_ShortRunEmphasis,0.34732476539718826
wavelet-HLL_glszm_GrayLevelNonUniformity,0.17154604515376826
wavelet-HLL_glszm_GrayLevelVariance,-0.16173350340637146
wavelet-HLL_glszm_LargeAreaEmphasis,-0.4387593294368752
wavelet-HLL_glszm_LargeAreaHighGrayLevelEmphasis,-0.4149863934015681
wavelet-HLL_glszm_LargeAreaLowGrayLevelEmphasis,-0.2434617383758998
wavelet-HLL_glszm_ZoneEntropy,0.14236472279391357
wavelet-HLL_glszm_ZonePercentage,0.40785776974866955
wavelet-HLL_glszm_ZoneVariance,-0.46143687083259116
wavelet-HLL_ngtdm_Busyness,-0.25863474593007757
wavelet-HLL_ngtdm_Coarseness,0.5037753150348284
wavelet-HLL_ngtdm_Strength,0.2568807491514346
wavelet-HLH_firstorder_10Percentile,-0.14264575085160902
wavelet-HLH_firstorder_90Percentile,0.18306896377370038
wavelet-HLH_firstorder_Energy,-0.20053441972187466
wavelet-HLH_firstorder_InterquartileRange,0.15747421220214686
wavelet-HLH_firstorder_Kurtosis,-0.14258469263196075
wavelet-HLH_firstorder_MeanAbsoluteDeviation,0.15950782443576825
wavelet-HLH_firstorder_Mean,0.1367435766303949
wavelet-HLH_firstorder_RobustMeanAbsoluteDeviation,0.16184169016712724
wavelet-HLH_firstorder_RootMeanSquared,0.14318807538326483
wavelet-HLH_firstorder_TotalEnergy,-0.20053441972187466
wavelet-HLH_firstorder_Uniformity,0.10945475966103903
wavelet-HLH_firstorder_Variance,0.1284768903725118
wavelet-HLH_glcm_ClusterProminence,0.36238122335135164
wavelet-HLH_glcm_ClusterTendency,0.3706866894434768
wavelet-HLH_glcm_Contrast,-0.37526311310197746
wavelet-HLH_glcm_Correlation,0.37350834693784607
wavelet-HLH_glcm_DifferenceAverage,-0.37489559837895786
wavelet-HLH_glcm_DifferenceEntropy,-0.15808104583656948
wavelet-HLH_glcm_DifferenceVariance,-0.1529214871291767
wavelet-HLH_glcm_Id,0.3747305531309599
wavelet-HLH_glcm_Idm,0.37479913512953184
wavelet-HLH_glcm_Imc1,-0.1460801011317051
wavelet-HLH_glcm_InverseVariance,-0.3744166917097933
wavelet-HLH_glcm_JointEnergy,0.18628647701359222
wavelet-HLH_glcm_JointEntropy,-0.1704970689992828
wavelet-HLH_glcm_MaximumProbability,0.20602542249204012
wavelet-HLH_glcm_SumEntropy,0.35599149956311305
wavelet-HLH_glcm_SumSquares,-0.14489942204029196
wavelet-HLH_gldm_DependenceEntropy,0.5467056992047493
wavelet-HLH_gldm_DependenceNonUniformity,-0.5399158240501524
wavelet-HLH_gldm_DependenceNonUniformityNormalized,-0.5751441848263736
wavelet-HLH_gldm_DependenceVariance,0.5528707894755468
wavelet-HLH_gldm_GrayLevelNonUniformity,-0.5033218621451461
wavelet-HLH_gldm_LargeDependenceEmphasis,-0.4077102797448615
wavelet-HLH_gldm_LargeDependenceLowGrayLevelEmphasis,-0.15766539604704163
wavelet-HLH_gldm_SmallDependenceEmphasis,0.552639950201983
wavelet-HLH_gldm_SmallDependenceHighGrayLevelEmphasis,0.3250588579406012
wavelet-HLH_gldm_SmallDependenceLowGrayLevelEmphasis,0.4339174582502141
wavelet-HLH_glrlm_GrayLevelNonUniformity,-0.49448445782840844
wavelet-HLH_glrlm_GrayLevelNonUniformityNormalized,0.18925181518698167
wavelet-HLH_glrlm_LongRunEmphasis,-0.4056769166738998
wavelet-HLH_glrlm_LongRunLowGrayLevelEmphasis,-0.17975140779713414
wavelet-HLH_glrlm_RunEntropy,-0.46268348905440415
wavelet-HLH_glrlm_RunLengthNonUniformity,-0.47227404618051777
wavelet-HLH_glrlm_RunLengthNonUniformityNormalized,0.4993359919030294
wavelet-HLH_glrlm_RunPercentage,0.4675379523606975
wavelet-HLH_glrlm_RunVariance,-0.3340318536283676
wavelet-HLH_glrlm_ShortRunEmphasis,0.4981855545428938
wavelet-HLH_glszm_GrayLevelNonUniformity,0.3623357746127696
wavelet-HLH_glszm_LargeAreaEmphasis,-0.5025337332766259
wavelet-HLH_glszm_LargeAreaHighGrayLevelEmphasis,-0.4297300467377065
wavelet-HLH_glszm_LargeAreaLowGrayLevelEmphasis,-0.49665620856595843
wavelet-HLH_glszm_SizeZoneNonUniformity,0.2495296536585645
wavelet-HLH_glszm_ZoneEntropy,0.17641526237088093
wavelet-HLH_glszm_ZonePercentage,0.4718096010572309
wavelet-HLH_glszm_ZoneVariance,-0.5372562249388348
wavelet-HLH_ngtdm_Busyness,-0.31720768140821487
wavelet-HLH_ngtdm_Coarseness,0.4978897017739091
wavelet-HLH_ngtdm_Strength,0.12001402964087367
wavelet-HHL_firstorder_Energy,-0.22824050985642733
wavelet-HHL_firstorder_Entropy,-0.11438708354317986
wavelet-HHL_firstorder_Kurtosis,-0.1341851360798451
wavelet-HHL_firstorder_Maximum,-0.10097461074360327
wavelet-HHL_firstorder_Mean,0.21549512336203694
wavelet-HHL_firstorder_Median,0.23141757169424151
wavelet-HHL_firstorder_TotalEnergy,-0.22824050985642733
wavelet-HHL_firstorder_Uniformity,0.13814833491481923
wavelet-HHL_glcm_ClusterShade,-0.14895709105260893
wavelet-HHL_glcm_ClusterTendency,0.1574867356370854
wavelet-HHL_glcm_Contrast,-0.1749446789639974
wavelet-HHL_glcm_Correlation,0.16941750926166546
wavelet-HHL_glcm_DifferenceAverage,-0.1725350350017176
wavelet-HHL_glcm_Id,0.1714950992435685
wavelet-HHL_glcm_Idm,0.17186854930377304
wavelet-HHL_glcm_InverseVariance,-0.16968036973877637
wavelet-HHL_glcm_SumSquares,-0.1099008430808908
wavelet-HHL_gldm_DependenceEntropy,0.5002212977497599
wavelet-HHL_gldm_DependenceNonUniformity,-0.5363077358396608
wavelet-HHL_gldm_DependenceNonUniformityNormalized,-0.5227309444373673
wavelet-HHL_gldm_DependenceVariance,0.4689012389552775
wavelet-HHL_gldm_GrayLevelNonUniformity,-0.5026141369947588
wavelet-HHL_gldm_GrayLevelVariance,-0.12050770763958647
wavelet-HHL_gldm_LargeDependenceEmphasis,-0.2329597193843562
wavelet-HHL_gldm_SmallDependenceEmphasis,0.5005654293377212
wavelet-HHL_gldm_SmallDependenceLowGrayLevelEmphasis,0.1644596924449479
wavelet-HHL_glrlm_GrayLevelNonUniformity,-0.4906519656312578
wavelet-HHL_glrlm_GrayLevelNonUniformityNormalized,0.203706294189384
wavelet-HHL_glrlm_GrayLevelVariance,-0.13840126416798004
wavelet-HHL_glrlm_LongRunEmphasis,-0.23355704711592443
wavelet-HHL_glrlm_RunEntropy,-0.3412303287886254
wavelet-HHL_glrlm_RunLengthNonUniformity,-0.47507086306693913
wavelet-HHL_glrlm_RunLengthNonUniformityNormalized,0.35800410588888504
wavelet-HHL_glrlm_RunPercentage,0.29058518524143756
wavelet-HHL_glrlm_RunVariance,-0.22366497203083271
wavelet-HHL_glrlm_ShortRunEmphasis,0.27639597899209317
wavelet-HHL_glszm_GrayLevelNonUniformity,0.24284741149120664
wavelet-HHL_glszm_GrayLevelNonUniformityNormalized,0.11372737309751085
wavelet-HHL_glszm_GrayLevelVariance,-0.13818668297100742
wavelet-HHL_glszm_LargeAreaEmphasis,-0.4404422184600832
wavelet-HHL_glszm_LargeAreaHighGrayLevelEmphasis,-0.3576712123619689
wavelet-HHL_glszm_LargeAreaLowGrayLevelEmphasis,-0.27907367695786167
wavelet-HHL_glszm_SizeZoneNonUniformity,0.1414694059577919
wavelet-HHL_glszm_ZonePercentage,0.3968567524654479
wavelet-HHL_glszm_ZoneVariance,-0.4791405940041512
wavelet-HHL_ngtdm_Coarseness,0.49383676263867743
wavelet-HHH_firstorder_Energy,-0.22657767376350846
wavelet-HHH_firstorder_Entropy,-0.1269722263697298
wavelet-HHH_firstorder_Mean,-0.14167632427998703
wavelet-HHH_firstorder_Median,-0.1247849408465538
wavelet-HHH_firstorder_TotalEnergy,-0.22657767376350846
wavelet-HHH_firstorder_Uniformity,0.1269731270788595
wavelet-HHH_gldm_DependenceEntropy,0.531221291419014
wavelet-HHH_gldm_DependenceNonUniformity,-0.5280878563313677
wavelet-HHH_gldm_DependenceNonUniformityNormalized,-0.5511761700006421
wavelet-HHH_gldm_DependenceVariance,0.5217202514381407
wavelet-HHH_gldm_GrayLevelNonUniformity,-0.5032637449846266
wavelet-HHH_gldm_GrayLevelVariance,-0.12697312707914168
wavelet-HHH_gldm_HighGrayLevelEmphasis,-0.13595984682267542
wavelet-HHH_gldm_LargeDependenceEmphasis,-0.4890014114481658
wavelet-HHH_gldm_LargeDependenceHighGrayLevelEmphasis,-0.4788519731934128
wavelet-HHH_gldm_LargeDependenceLowGrayLevelEmphasis,-0.45281246935763286
wavelet-HHH_gldm_LowGrayLevelEmphasis,0.13595984682267534
wavelet-HHH_gldm_SmallDependenceEmphasis,0.5647762708407712
wavelet-HHH_gldm_SmallDependenceHighGrayLevelEmphasis,0.5604190822853404
wavelet-HHH_gldm_SmallDependenceLowGrayLevelEmphasis,0.553220836237144
wavelet-HHH_glrlm_GrayLevelNonUniformity,-0.489932010902207
wavelet-HHH_glrlm_GrayLevelNonUniformityNormalized,0.1852412380514721
wavelet-HHH_glrlm_GrayLevelVariance,-0.1852412380518991
wavelet-HHH_glrlm_HighGrayLevelRunEmphasis,-0.1476476400151718
wavelet-HHH_glrlm_LongRunEmphasis,-0.47489898709142897
wavelet-HHH_glrlm_LongRunHighGrayLevelEmphasis,-0.4724731605296311
wavelet-HHH_glrlm_LongRunLowGrayLevelEmphasis,-0.45894142709222696
wavelet-HHH_glrlm_LowGrayLevelRunEmphasis,0.14764764001517164
wavelet-HHH_glrlm_RunEntropy,-0.5129225441689105
wavelet-HHH_glrlm_RunLengthNonUniformity,-0.4612043316791382
wavelet-HHH_glrlm_RunLengthNonUniformityNormalized,0.5350113137458233
wavelet-HHH_glrlm_RunPercentage,0.5132749252297581
wavelet-HHH_glrlm_RunVariance,-0.42960228126886835
wavelet-HHH_glrlm_ShortRunEmphasis,0.5413560084262914
wavelet-HHH_glrlm_ShortRunHighGrayLevelEmphasis,0.5131311449314279
wavelet-HHH_glrlm_ShortRunLowGrayLevelEmphasis,0.5125410699081558
wavelet-HHH_glszm_GrayLevelNonUniformity,0.40146786501297
wavelet-HHH_glszm_LargeAreaEmphasis,-0.5235232599446192
wavelet-HHH_glszm_LargeAreaHighGrayLevelEmphasis,-0.5241223275444705
wavelet-HHH_glszm_LargeAreaLowGrayLevelEmphasis,-0.5227614845052554
wavelet-HHH_glszm_SizeZoneNonUniformity,0.29507313505471455
wavelet-HHH_glszm_SmallAreaEmphasis,0.2146171359764207
wavelet-HHH_glszm_SmallAreaHighGrayLevelEmphasis,0.17762785721461208
wavelet-HHH_glszm_SmallAreaLowGrayLevelEmphasis,0.14112705666309572
wavelet-HHH_glszm_ZoneEntropy,0.26988514715692835
wavelet-HHH_glszm_ZonePercentage,0.5024695259165012
wavelet-HHH_glszm_ZoneVariance,-0.44976487506944157
wavelet-HHH_ngtdm_Busyness,-0.4784164199535601
wavelet-HHH_ngtdm_Coarseness,0.4926724476076611
wavelet-HHH_ngtdm_Strength,0.49268142722795244
wavelet-LLL_firstorder_10Percentile,-0.4969728235474621
wavelet-LLL_firstorder_90Percentile,-0.19668714176710048
wavelet-LLL_firstorder_Energy,-0.5500994602875249
wavelet-LLL_firstorder_Entropy,0.48238477635425875
wavelet-LLL_firstorder_InterquartileRange,0.4873995006570243
wavelet-LLL_firstorder_MeanAbsoluteDeviation,0.4676340540395669
wavelet-LLL_firstorder_Mean,-0.424301464410201
wavelet-LLL_firstorder_Median,-0.3145040382367859
wavelet-LLL_firstorder_Minimum,-0.2699474669678905
wavelet-LLL_firstorder_Range,0.23119844606769102
wavelet-LLL_firstorder_RobustMeanAbsoluteDeviation,0.4863685459225128
wavelet-LLL_firstorder_RootMeanSquared,-0.3974248794131075
wavelet-LLL_firstorder_Skewness,-0.2607803527910492
wavelet-LLL_firstorder_TotalEnergy,-0.5500994602875249
wavelet-LLL_firstorder_Uniformity,-0.5022374149639092
wavelet-LLL_firstorder_Variance,0.4247106374555225
wavelet-LLL_glcm_Autocorrelation,0.15273151858312428
wavelet-LLL_glcm_ClusterProminence,0.2949205712539171
wavelet-LLL_glcm_ClusterShade,-0.3176188811762713
wavelet-LLL_glcm_ClusterTendency,0.3929731851160314
wavelet-LLL_glcm_Contrast,0.5179420695464241
wavelet-LLL_glcm_Correlation,0.22589979872227564
wavelet-LLL_glcm_DifferenceAverage,0.5371701959789462
wavelet-LLL_glcm_DifferenceEntropy,0.5284942307224351
wavelet-LLL_glcm_DifferenceVariance,0.48799840363343444
wavelet-LLL_glcm_Id,-0.5424674326283028
wavelet-LLL_glcm_Idm,-0.5424217492571215
wavelet-LLL_glcm_Idmn,-0.31017119888995603
wavelet-LLL_glcm_Idn,-0.3730312188657012
wavelet-LLL_glcm_Imc2,0.2225559139163819
wavelet-LLL_glcm_InverseVariance,0.2220918225464557
wavelet-LLL_glcm_JointAverage,0.14522879583706527
wavelet-LLL_glcm_JointEnergy,-0.5052138244458321
wavelet-LLL_glcm_JointEntropy,0.5020734961832056
wavelet-LLL_glcm_MCC,0.2471492126247002
wavelet-LLL_glcm_MaximumProbability,-0.3563077005837223
wavelet-LLL_glcm_SumAverage,0.1452287958370652
wavelet-LLL_glcm_SumEntropy,0.45794941795786365
wavelet-LLL_glcm_SumSquares,0.4170311147828895
wavelet-LLL_gldm_DependenceEntropy,0.27930294329757704
wavelet-LLL_gldm_DependenceNonUniformity,-0.21545478615019215
wavelet-LLL_gldm_DependenceNonUniformityNormalized,0.5266391851185644
wavelet-LLL_gldm_DependenceVariance,-0.4157303333179751
wavelet-LLL_gldm_GrayLevelNonUniformity,-0.5820051589077545
wavelet-LLL_gldm_GrayLevelVariance,0.4234454621190552
wavelet-LLL_gldm_HighGrayLevelEmphasis,0.15449163418299974
wavelet-LLL_gldm_LargeDependenceEmphasis,-0.5540008267677491
wavelet-LLL_gldm_LargeDependenceHighGrayLevelEmphasis,-0.16996020959150931
wavelet-LLL_gldm_LargeDependenceLowGrayLevelEmphasis,-0.34397309406909926
wavelet-LLL_gldm_SmallDependenceEmphasis,0.574087431690889
wavelet-LLL_gldm_SmallDependenceHighGrayLevelEmphasis,0.41221625826068603
wavelet-LLL_gldm_SmallDependenceLowGrayLevelEmphasis,0.2594688137769408
wavelet-LLL_glrlm_GrayLevelNonUniformity,-0.5527467791001368
wavelet-LLL_glrlm_GrayLevelNonUniformityNormalized,-0.47679554088326254
wavelet-LLL_glrlm_GrayLevelVariance,0.4059725681855661
wavelet-LLL_glrlm_HighGrayLevelRunEmphasis,0.1385320303433547
wavelet-LLL_glrlm_LongRunEmphasis,-0.5515325750696058
wavelet-LLL_glrlm_LongRunHighGrayLevelEmphasis,-0.16428331417287656
wavelet-LLL_glrlm_LongRunLowGrayLevelEmphasis,-0.28448283925847084
wavelet-LLL_glrlm_RunLengthNonUniformity,-0.13220759307734603
wavelet-LLL_glrlm_RunLengthNonUniformityNormalized,0.577548001715242
wavelet-LLL_glrlm_RunPercentage,0.571413731403214
wavelet-LLL_glrlm_RunVariance,-0.5264821145308671
wavelet-LLL_glrlm_ShortRunEmphasis,0.5790438436238582
wavelet-LLL_glrlm_ShortRunHighGrayLevelEmphasis,0.20704951248892867
wavelet-LLL_glszm_GrayLevelNonUniformityNormalized,-0.4179061325073293
wavelet-LLL_glszm_GrayLevelVariance,0.12491719623875448
wavelet-LLL_glszm_HighGrayLevelZoneEmphasis,0.11024761498505986
wavelet-LLL_glszm_LargeAreaEmphasis,-0.5858748753123891
wavelet-LLL_glszm_LargeAreaHighGrayLevelEmphasis,-0.5103096905452981
wavelet-LLL_glszm_LargeAreaLowGrayLevelEmphasis,-0.466593823031721
wavelet-LLL_glszm_SizeZoneNonUniformity,0.26414008402314065
wavelet-LLL_glszm_SizeZoneNonUniformityNormalized,0.10927698017659901
wavelet-LLL_glszm_SmallAreaEmphasis,0.10567562959948268
wavelet-LLL_glszm_SmallAreaHighGrayLevelEmphasis,0.1487295649805877
wavelet-LLL_glszm_ZoneEntropy,0.2548513648117549
wavelet-LLL_glszm_ZonePercentage,0.5488470835801104
wavelet-LLL_glszm_ZoneVariance,-0.5859588570309017
wavelet-LLL_ngtdm_Busyness,-0.33091754204916635
wavelet-LLL_ngtdm_Coarseness,0.48430740487511
wavelet-LLL_ngtdm_Complexity,0.33961140186053845
wavelet-LLL_ngtdm_Contrast,0.43779572069207134
wavelet-LLL_ngtdm_Strength,0.32210530031754225
log-sigma-1-0-mm-3D_firstorder_10Percentile,-0.38995701350256734
log-sigma-1-0-mm-3D_firstorder_90Percentile,0.1972410509187348
log-sigma-1-0-mm-3D_firstorder_Energy,0.16580570559743185
log-sigma-1-0-mm-3D_firstorder_Entropy,0.23869192781710336
log-sigma-1-0-mm-3D_firstorder_InterquartileRange,0.4980223423266952
log-sigma-1-0-mm-3D_firstorder_Kurtosis,-0.1694580428027923
log-sigma-1-0-mm-3D_firstorder_Maximum,0.11600899113469922
log-sigma-1-0-mm-3D_firstorder_MeanAbsoluteDeviation,0.5024792930952587
log-sigma-1-0-mm-3D_firstorder_Mean,-0.3011461521302267
log-sigma-1-0-mm-3D_firstorder_Median,-0.36828268959782445
log-sigma-1-0-mm-3D_firstorder_Minimum,-0.2296546077853773
log-sigma-1-0-mm-3D_firstorder_Range,0.238070532793056
log-sigma-1-0-mm-3D_firstorder_RobustMeanAbsoluteDeviation,0.49705435917962476
log-sigma-1-0-mm-3D_firstorder_RootMeanSquared,0.49398116192290875
log-sigma-1-0-mm-3D_firstorder_Skewness,0.4010265242709351
log-sigma-1-0-mm-3D_firstorder_TotalEnergy,0.16580570559743185
log-sigma-1-0-mm-3D_firstorder_Variance,0.4933065330384861
log-sigma-1-0-mm-3D_glcm_Autocorrelation,0.11461463933672093
log-sigma-1-0-mm-3D_glcm_ClusterProminence,0.3714161560765309
log-sigma-1-0-mm-3D_glcm_ClusterShade,0.4080090646572308
log-sigma-1-0-mm-3D_glcm_ClusterTendency,0.23897214391232727
log-sigma-1-0-mm-3D_glcm_Contrast,0.21729311151084302
log-sigma-1-0-mm-3D_glcm_DifferenceAverage,0.19783528361106692
log-sigma-1-0-mm-3D_glcm_DifferenceEntropy,0.22878863951490988
log-sigma-1-0-mm-3D_glcm_DifferenceVariance,0.22440872653333768
log-sigma-1-0-mm-3D_glcm_Id,-0.19095487380550064
log-sigma-1-0-mm-3D_glcm_Idm,-0.19372998849186085
log-sigma-1-0-mm-3D_glcm_Idmn,0.11474597502055367
log-sigma-1-0-mm-3D_glcm_InverseVariance,0.17937335594586376
log-sigma-1-0-mm-3D_glcm_JointAverage,0.1126674369133347
log-sigma-1-0-mm-3D_glcm_JointEnergy,-0.12851834300581183
log-sigma-1-0-mm-3D_glcm_JointEntropy,0.2834261536206453
log-sigma-1-0-mm-3D_glcm_SumAverage,0.11266743691333468
log-sigma-1-0-mm-3D_glcm_SumEntropy,0.27441230803184424
log-sigma-1-0-mm-3D_glcm_SumSquares,0.27147028236716686
log-sigma-1-0-mm-3D_gldm_DependenceEntropy,0.25229935933880976
log-sigma-1-0-mm-3D_gldm_DependenceNonUniformity,-0.51308496076879
log-sigma-1-0-mm-3D_gldm_DependenceNonUniformityNormalized,-0.13391185515815213
log-sigma-1-0-mm-3D_gldm_GrayLevelNonUniformity,-0.5002606951868647
log-sigma-1-0-mm-3D_gldm_GrayLevelVariance,0.23225695862355886
log-sigma-1-0-mm-3D_gldm_HighGrayLevelEmphasis,0.11321316278614914
log-sigma-1-0-mm-3D_gldm_LargeDependenceEmphasis,-0.47845714206009915
log-sigma-1-0-mm-3D_gldm_LargeDependenceLowGrayLevelEmphasis,-0.11550715033746131
log-sigma-1-0-mm-3D_gldm_LowGrayLevelEmphasis,-0.10460685916147237
log-sigma-1-0-mm-3D_gldm_SmallDependenceEmphasis,0.47337126968694654
log-sigma-1-0-mm-3D_gldm_SmallDependenceHighGrayLevelEmphasis,0.2765842728083807
log-sigma-1-0-mm-3D_gldm_SmallDependenceLowGrayLevelEmphasis,-0.10296257923135549
log-sigma-1-0-mm-3D_glrlm_GrayLevelNonUniformity,-0.4619332085967903
log-sigma-1-0-mm-3D_glrlm_GrayLevelVariance,0.3123450042910742
log-sigma-1-0-mm-3D_glrlm_HighGrayLevelRunEmphasis,0.14281958348391738
log-sigma-1-0-mm-3D_glrlm_LongRunEmphasis,-0.4559190240142864
log-sigma-1-0-mm-3D_glrlm_LongRunLowGrayLevelEmphasis,-0.1661186393642453
log-sigma-1-0-mm-3D_glrlm_LowGrayLevelRunEmphasis,-0.13962681724700826
log-sigma-1-0-mm-3D_glrlm_RunEntropy,-0.4322133239908914
log-sigma-1-0-mm-3D_glrlm_RunLengthNonUniformity,-0.26880595874458896
log-sigma-1-0-mm-3D_glrlm_RunLengthNonUniformityNormalized,0.5197141843156426
log-sigma-1-0-mm-3D_glrlm_RunPercentage,0.5035034866535798
log-sigma-1-0-mm-3D_glrlm_RunVariance,-0.3929285421358967
log-sigma-1-0-mm-3D_glrlm_ShortRunEmphasis,0.5128202077988034
log-sigma-1-0-mm-3D_glrlm_ShortRunHighGrayLevelEmphasis,0.20318328916509545
log-sigma-1-0-mm-3D_glrlm_ShortRunLowGrayLevelEmphasis,-0.1228946084154072
log-sigma-1-0-mm-3D_glszm_GrayLevelNonUniformity,-0.17303789869266545
log-sigma-1-0-mm-3D_glszm_GrayLevelNonUniformityNormalized,-0.25612818814130206
log-sigma-1-0-mm-3D_glszm_GrayLevelVariance,0.20696072475188873
log-sigma-1-0-mm-3D_glszm_HighGrayLevelZoneEmphasis,0.25988107979474795
log-sigma-1-0-mm-3D_glszm_LargeAreaEmphasis,-0.4615557673180722
log-sigma-1-0-mm-3D_glszm_LargeAreaHighGrayLevelEmphasis,-0.27712281532292443
log-sigma-1-0-mm-3D_glszm_LargeAreaLowGrayLevelEmphasis,-0.2517238292130006
log-sigma-1-0-mm-3D_glszm_LowGrayLevelZoneEmphasis,-0.2484438107891306
log-sigma-1-0-mm-3D_glszm_SizeZoneNonUniformityNormalized,-0.10683210088654638
log-sigma-1-0-mm-3D_glszm_SmallAreaEmphasis,-0.10296325040313765
log-sigma-1-0-mm-3D_glszm_SmallAreaHighGrayLevelEmphasis,0.21331903425766047
log-sigma-1-0-mm-3D_glszm_SmallAreaLowGrayLevelEmphasis,-0.2574785494360216
log-sigma-1-0-mm-3D_glszm_ZoneEntropy,0.2460631943283957
log-sigma-1-0-mm-3D_glszm_ZonePercentage,0.33448699423790773
log-sigma-1-0-mm-3D_glszm_ZoneVariance,-0.4793434556589249
log-sigma-1-0-mm-3D_ngtdm_Busyness,-0.20674515235281807
log-sigma-1-0-mm-3D_ngtdm_Coarseness,0.45159696135140087
log-sigma-1-0-mm-3D_ngtdm_Complexity,0.18868200812052718
log-sigma-1-0-mm-3D_ngtdm_Strength,0.36334744913099976
log-sigma-2-0-mm-3D_firstorder_10Percentile,-0.3690277227650232
log-sigma-2-0-mm-3D_firstorder_Entropy,0.26013181678885805
log-sigma-2-0-mm-3D_firstorder_InterquartileRange,0.4348151865669053
log-sigma-2-0-mm-3D_firstorder_Maximum,0.12570845577194653
log-sigma-2-0-mm-3D_firstorder_MeanAbsoluteDeviation,0.46533313572809665
log-sigma-2-0-mm-3D_firstorder_Mean,-0.30204574618195495
log-sigma-2-0-mm-3D_firstorder_Median,-0.33721460666760905
log-sigma-2-0-mm-3D_firstorder_Minimum,-0.2074907544156514
log-sigma-2-0-mm-3D_firstorder_Range,0.2384489260738945
log-sigma-2-0-mm-3D_firstorder_RobustMeanAbsoluteDeviation,0.4523319950233694
log-sigma-2-0-mm-3D_firstorder_RootMeanSquared,0.4084738555943654
log-sigma-2-0-mm-3D_firstorder_Skewness,0.3982546055117709
log-sigma-2-0-mm-3D_firstorder_Uniformity,-0.14698859440720227
log-sigma-2-0-mm-3D_firstorder_Variance,0.45694592855534844
log-sigma-2-0-mm-3D_glcm_ClusterProminence,0.31462425851548714
log-sigma-2-0-mm-3D_glcm_ClusterShade,0.3934882324226046
log-sigma-2-0-mm-3D_glcm_ClusterTendency,0.21379739583866328
log-sigma-2-0-mm-3D_glcm_Contrast,0.18948022628658576
log-sigma-2-0-mm-3D_glcm_DifferenceAverage,0.18868008663216754
log-sigma-2-0-mm-3D_glcm_DifferenceEntropy,0.2044057641030211
log-sigma-2-0-mm-3D_glcm_DifferenceVariance,0.2002799068238748
log-sigma-2-0-mm-3D_glcm_Id,-0.18841256166811238
log-sigma-2-0-mm-3D_glcm_Idm,-0.18851962007876572
log-sigma-2-0-mm-3D_glcm_Imc2,0.10845124622453613
log-sigma-2-0-mm-3D_glcm_InverseVariance,0.18797697573445366
log-sigma-2-0-mm-3D_glcm_JointEnergy,-0.14987524470545255
log-sigma-2-0-mm-3D_glcm_JointEntropy,0.23685398915191785
log-sigma-2-0-mm-3D_glcm_MCC,0.10432988780505144
log-sigma-2-0-mm-3D_glcm_MaximumProbability,-0.11912081417649843
log-sigma-2-0-mm-3D_glcm_SumEntropy,0.24084088954120697
log-sigma-2-0-mm-3D_glcm_SumSquares,0.22052914762935075
log-sigma-2-0-mm-3D_gldm_DependenceEntropy,0.3490846125100459
log-sigma-2-0-mm-3D_gldm_DependenceNonUniformity,-0.526214079339254
log-sigma-2-0-mm-3D_gldm_DependenceNonUniformityNormalized,-0.4315452569964322
log-sigma-2-0-mm-3D_gldm_GrayLevelNonUniformity,-0.480423663528079
log-sigma-2-0-mm-3D_gldm_GrayLevelVariance,0.2476413653733401
log-sigma-2-0-mm-3D_gldm_LargeDependenceEmphasis,-0.40592381912260844
log-sigma-2-0-mm-3D_gldm_LargeDependenceHighGrayLevelEmphasis,-0.11857517076129577
log-sigma-2-0-mm-3D_gldm_SmallDependenceEmphasis,0.5045360394193416
log-sigma-2-0-mm-3D_gldm_SmallDependenceHighGrayLevelEmphasis,0.3087875008177363
log-sigma-2-0-mm-3D_glrlm_GrayLevelNonUniformity,-0.4279593933896815
log-sigma-2-0-mm-3D_glrlm_GrayLevelNonUniformityNormalized,-0.2512642370051485
log-sigma-2-0-mm-3D_glrlm_GrayLevelVariance,0.3235757254598737
log-sigma-2-0-mm-3D_glrlm_HighGrayLevelRunEmphasis,0.12235629677347369
log-sigma-2-0-mm-3D_glrlm_LongRunEmphasis,-0.42151696263710964
log-sigma-2-0-mm-3D_glrlm_LongRunHighGrayLevelEmphasis,-0.2375849174560004
log-sigma-2-0-mm-3D_glrlm_LongRunLowGrayLevelEmphasis,-0.15892177014008782
log-sigma-2-0-mm-3D_glrlm_LowGrayLevelRunEmphasis,-0.1266949477402794
log-sigma-2-0-mm-3D_glrlm_RunEntropy,-0.3787736960074961
log-sigma-2-0-mm-3D_glrlm_RunLengthNonUniformity,-0.1134630699176901
log-sigma-2-0-mm-3D_glrlm_RunLengthNonUniformityNormalized,0.49004608808061045
log-sigma-2-0-mm-3D_glrlm_RunPercentage,0.44373723369448687
log-sigma-2-0-mm-3D_glrlm_RunVariance,-0.38281081966050046
log-sigma-2-0-mm-3D_glrlm_ShortRunEmphasis,0.5228786924358139
log-sigma-2-0-mm-3D_glrlm_ShortRunHighGrayLevelEmphasis,0.23985140102042435
log-sigma-2-0-mm-3D_glrlm_ShortRunLowGrayLevelEmphasis,-0.12823277595734112
log-sigma-2-0-mm-3D_glszm_HighGrayLevelZoneEmphasis,0.1093506476675583
log-sigma-2-0-mm-3D_glszm_LargeAreaEmphasis,-0.4950899855660546
log-sigma-2-0-mm-3D_glszm_LargeAreaHighGrayLevelEmphasis,-0.4118061222550421
log-sigma-2-0-mm-3D_glszm_LargeAreaLowGrayLevelEmphasis,-0.24438247842044641
log-sigma-2-0-mm-3D_glszm_LowGrayLevelZoneEmphasis,-0.12328276942190532
log-sigma-2-0-mm-3D_glszm_ZoneEntropy,0.18846844045585695
log-sigma-2-0-mm-3D_glszm_ZonePercentage,0.3947472919767195
log-sigma-2-0-mm-3D_glszm_ZoneVariance,-0.5172204876161485
log-sigma-2-0-mm-3D_ngtdm_Busyness,-0.13548292858376756
log-sigma-2-0-mm-3D_ngtdm_Coarseness,0.3689722638156089
log-sigma-2-0-mm-3D_ngtdm_Complexity,0.14974597357356695
log-sigma-2-0-mm-3D_ngtdm_Strength,0.30387973272162755
log-sigma-3-0-mm-3D_firstorder_10Percentile,-0.36766359694713724
log-sigma-3-0-mm-3D_firstorder_90Percentile,0.11363556263114503
log-sigma-3-0-mm-3D_firstorder_Entropy,0.357380141170712
log-sigma-3-0-mm-3D_firstorder_InterquartileRange,0.43944528689748324
log-sigma-3-0-mm-3D_firstorder_Kurtosis,-0.31453744103743847
log-sigma-3-0-mm-3D_firstorder_Maximum,0.16876598641039892
log-sigma-3-0-mm-3D_firstorder_MeanAbsoluteDeviation,0.44630209168886636
log-sigma-3-0-mm-3D_firstorder_Mean,-0.2620362737211806
log-sigma-3-0-mm-3D_firstorder_Median,-0.2642596925872348
log-sigma-3-0-mm-3D_firstorder_Minimum,-0.2629004743681262
log-sigma-3-0-mm-3D_firstorder_Range,0.29475141877831956
log-sigma-3-0-mm-3D_firstorder_RobustMeanAbsoluteDeviation,0.44360915512714016
log-sigma-3-0-mm-3D_firstorder_RootMeanSquared,0.44390478007070117
log-sigma-3-0-mm-3D_firstorder_Skewness,0.242524963498727
log-sigma-3-0-mm-3D_firstorder_Uniformity,-0.2945976609091889
log-sigma-3-0-mm-3D_firstorder_Variance,0.44094404863807907
log-sigma-3-0-mm-3D_glcm_ClusterProminence,0.32601616999451194
log-sigma-3-0-mm-3D_glcm_ClusterShade,0.32249114139556107
log-sigma-3-0-mm-3D_glcm_ClusterTendency,0.30823351194856224
log-sigma-3-0-mm-3D_glcm_Contrast,0.39612893682491895
log-sigma-3-0-mm-3D_glcm_DifferenceAverage,0.39613917109880964
log-sigma-3-0-mm-3D_glcm_DifferenceEntropy,0.3964642115360473
log-sigma-3-0-mm-3D_glcm_DifferenceVariance,0.39655697244038973
log-sigma-3-0-mm-3D_glcm_Id,-0.3961425682061375
log-sigma-3-0-mm-3D_glcm_Idm,-0.39614121022238
log-sigma-3-0-mm-3D_glcm_Idn,-0.29460850518423765
log-sigma-3-0-mm-3D_glcm_Imc1,0.17358041460489745
log-sigma-3-0-mm-3D_glcm_Imc2,0.15664030611513544
log-sigma-3-0-mm-3D_glcm_InverseVariance,0.3961480732337306
log-sigma-3-0-mm-3D_glcm_JointEnergy,-0.30744244628703615
log-sigma-3-0-mm-3D_glcm_JointEntropy,0.3773550795601406
log-sigma-3-0-mm-3D_glcm_MaximumProbability,-0.268339062900577
log-sigma-3-0-mm-3D_glcm_SumEntropy,0.36908869706432024
log-sigma-3-0-mm-3D_glcm_SumSquares,0.3317137561453469
log-sigma-3-0-mm-3D_gldm_DependenceEntropy,0.4387979480021061
log-sigma-3-0-mm-3D_gldm_DependenceNonUniformity,-0.5159277337781393
log-sigma-3-0-mm-3D_gldm_DependenceNonUniformityNormalized,-0.47233783839377796
log-sigma-3-0-mm-3D_gldm_GrayLevelNonUniformity,-0.5045095885691261
log-sigma-3-0-mm-3D_gldm_GrayLevelVariance,0.34653335224310144
log-sigma-3-0-mm-3D_gldm_LargeDependenceEmphasis,-0.5187919701241502
log-sigma-3-0-mm-3D_gldm_LargeDependenceHighGrayLevelEmphasis,-0.12417566602032688
log-sigma-3-0-mm-3D_gldm_LargeDependenceLowGrayLevelEmphasis,-0.1579526488306986
log-sigma-3-0-mm-3D_gldm_LowGrayLevelEmphasis,-0.11232651724881659
log-sigma-3-0-mm-3D_gldm_SmallDependenceEmphasis,0.508033809149755
log-sigma-3-0-mm-3D_gldm_SmallDependenceHighGrayLevelEmphasis,0.3872698381684849
log-sigma-3-0-mm-3D_glrlm_GrayLevelNonUniformity,-0.43704893700974173
log-sigma-3-0-mm-3D_glrlm_GrayLevelNonUniformityNormalized,-0.29968847495525625
log-sigma-3-0-mm-3D_glrlm_GrayLevelVariance,0.33226507578450337
log-sigma-3-0-mm-3D_glrlm_HighGrayLevelRunEmphasis,0.1577222054963333
log-sigma-3-0-mm-3D_glrlm_LongRunEmphasis,-0.5095228334967711
log-sigma-3-0-mm-3D_glrlm_LongRunHighGrayLevelEmphasis,-0.2829167041129338
log-sigma-3-0-mm-3D_glrlm_LongRunLowGrayLevelEmphasis,-0.25854139756814026
log-sigma-3-0-mm-3D_glrlm_LowGrayLevelRunEmphasis,-0.1517844472793218
log-sigma-3-0-mm-3D_glrlm_RunEntropy,-0.3601945063892685
log-sigma-3-0-mm-3D_glrlm_RunLengthNonUniformity,0.1260630833328178
log-sigma-3-0-mm-3D_glrlm_RunLengthNonUniformityNormalized,0.5148553268530117
log-sigma-3-0-mm-3D_glrlm_RunPercentage,0.5233199000950186
log-sigma-3-0-mm-3D_glrlm_RunVariance,-0.46567152584167104
log-sigma-3-0-mm-3D_glrlm_ShortRunEmphasis,0.494106291521485
log-sigma-3-0-mm-3D_glrlm_ShortRunHighGrayLevelEmphasis,0.33848473477218904
log-sigma-3-0-mm-3D_glrlm_ShortRunLowGrayLevelEmphasis,-0.11372936578455156
log-sigma-3-0-mm-3D_glszm_GrayLevelNonUniformityNormalized,-0.24917920205072827
log-sigma-3-0-mm-3D_glszm_GrayLevelVariance,0.1788071058201015
log-sigma-3-0-mm-3D_glszm_HighGrayLevelZoneEmphasis,0.16822575745966362
log-sigma-3-0-mm-3D_glszm_LargeAreaEmphasis,-0.5170769874855041
log-sigma-3-0-mm-3D_glszm_LargeAreaHighGrayLevelEmphasis,-0.4235943217489885
log-sigma-3-0-mm-3D_glszm_LargeAreaLowGrayLevelEmphasis,-0.3407832480706325
log-sigma-3-0-mm-3D_glszm_LowGrayLevelZoneEmphasis,-0.12836924932260613
log-sigma-3-0-mm-3D_glszm_SmallAreaLowGrayLevelEmphasis,-0.14844213199109269
log-sigma-3-0-mm-3D_glszm_ZoneEntropy,0.16467570394892103
log-sigma-3-0-mm-3D_glszm_ZonePercentage,0.45050894589833856
log-sigma-3-0-mm-3D_glszm_ZoneVariance,-0.5271021936128232
log-sigma-3-0-mm-3D_ngtdm_Busyness,-0.19683397122450388
log-sigma-3-0-mm-3D_ngtdm_Coarseness,0.3506148398272738
log-sigma-3-0-mm-3D_ngtdm_Complexity,0.28394371054601225
log-sigma-3-0-mm-3D_ngtdm_Contrast,0.16734858533686733
log-sigma-3-0-mm-3D_ngtdm_Strength,0.31745384643765345
log-sigma-4-0-mm-3D_firstorder_10Percentile,-0.21321392575428916
log-sigma-4-0-mm-3D_firstorder_90Percentile,0.2607252001976694
log-sigma-4-0-mm-3D_firstorder_Entropy,0.23213028036529698
log-sigma-4-0-mm-3D_firstorder_InterquartileRange,0.31042426866911127
log-sigma-4-0-mm-3D_firstorder_Kurtosis,-0.30348350426859266
log-sigma-4-0-mm-3D_firstorder_MeanAbsoluteDeviation,0.29747930057823857
log-sigma-4-0-mm-3D_firstorder_Median,-0.1331315402348945
log-sigma-4-0-mm-3D_firstorder_RobustMeanAbsoluteDeviation,0.3078937798419029
log-sigma-4-0-mm-3D_firstorder_RootMeanSquared,0.29870654622378096
log-sigma-4-0-mm-3D_firstorder_Skewness,0.25286311031650544
log-sigma-4-0-mm-3D_firstorder_Uniformity,-0.19899668592254532
log-sigma-4-0-mm-3D_firstorder_Variance,0.2873285049883393
log-sigma-4-0-mm-3D_glcm_Autocorrelation,0.11188972590118129
log-sigma-4-0-mm-3D_glcm_ClusterProminence,0.17945123302758131
log-sigma-4-0-mm-3D_glcm_ClusterShade,0.22728658984950045
log-sigma-4-0-mm-3D_glcm_ClusterTendency,0.21172712522750145
log-sigma-4-0-mm-3D_glcm_Contrast,0.30830186062267334
log-sigma-4-0-mm-3D_glcm_Correlation,-0.12800922198913536
log-sigma-4-0-mm-3D_glcm_DifferenceAverage,0.30830186062267334
log-sigma-4-0-mm-3D_glcm_DifferenceEntropy,0.3080934749842331
log-sigma-4-0-mm-3D_glcm_DifferenceVariance,0.30793834764158323
log-sigma-4-0-mm-3D_glcm_Id,-0.3083018606226719
log-sigma-4-0-mm-3D_glcm_Idm,-0.3083018606226719
log-sigma-4-0-mm-3D_glcm_Idn,-0.15411655957888554
log-sigma-4-0-mm-3D_glcm_Imc1,0.21177972912560444
log-sigma-4-0-mm-3D_glcm_InverseVariance,0.30830186062267334
log-sigma-4-0-mm-3D_glcm_JointAverage,0.11538631159000036
log-sigma-4-0-mm-3D_glcm_JointEnergy,-0.2337305289606996
log-sigma-4-0-mm-3D_glcm_JointEntropy,0.27180624672157083
log-sigma-4-0-mm-3D_glcm_MCC,-0.11211055911661719
log-sigma-4-0-mm-3D_glcm_MaximumProbability,-0.20834771199241334
log-sigma-4-0-mm-3D_glcm_SumAverage,0.11538631159000043
log-sigma-4-0-mm-3D_glcm_SumEntropy,0.2632397091817028
log-sigma-4-0-mm-3D_glcm_SumSquares,0.23169646197996865
log-sigma-4-0-mm-3D_gldm_DependenceEntropy,0.41004792863453293
log-sigma-4-0-mm-3D_gldm_DependenceNonUniformity,-0.5066212970526548
log-sigma-4-0-mm-3D_gldm_DependenceNonUniformityNormalized,-0.4632632877498785
log-sigma-4-0-mm-3D_gldm_GrayLevelNonUniformity,-0.4952245069767039
log-sigma-4-0-mm-3D_gldm_GrayLevelVariance,0.224838485804087
log-sigma-4-0-mm-3D_gldm_HighGrayLevelEmphasis,0.122804168989956
log-sigma-4-0-mm-3D_gldm_LargeDependenceEmphasis,-0.4978538562745102
log-sigma-4-0-mm-3D_gldm_LargeDependenceLowGrayLevelEmphasis,-0.17746378003466518
log-sigma-4-0-mm-3D_gldm_LowGrayLevelEmphasis,-0.13222056876415067
log-sigma-4-0-mm-3D_gldm_SmallDependenceEmphasis,0.45403751716950497
log-sigma-4-0-mm-3D_gldm_SmallDependenceHighGrayLevelEmphasis,0.33423414280460656
log-sigma-4-0-mm-3D_glrlm_GrayLevelNonUniformity,-0.43177197040486287
log-sigma-4-0-mm-3D_glrlm_GrayLevelNonUniformityNormalized,-0.1321105313240125
log-sigma-4-0-mm-3D_glrlm_GrayLevelVariance,0.1754843738405418
log-sigma-4-0-mm-3D_glrlm_HighGrayLevelRunEmphasis,0.15918641611581666
log-sigma-4-0-mm-3D_glrlm_LongRunEmphasis,-0.4917492463674192
log-sigma-4-0-mm-3D_glrlm_LongRunHighGrayLevelEmphasis,-0.17182338600793026
log-sigma-4-0-mm-3D_glrlm_LongRunLowGrayLevelEmphasis,-0.26672880393319975
log-sigma-4-0-mm-3D_glrlm_LowGrayLevelRunEmphasis,-0.155428229603079
log-sigma-4-0-mm-3D_glrlm_RunEntropy,-0.3875155595793871
log-sigma-4-0-mm-3D_glrlm_RunLengthNonUniformity,0.10488365450418723
log-sigma-4-0-mm-3D_glrlm_RunLengthNonUniformityNormalized,0.5080668224735679
log-sigma-4-0-mm-3D_glrlm_RunPercentage,0.5042573682865193
log-sigma-4-0-mm-3D_glrlm_RunVariance,-0.44033420147649555
log-sigma-4-0-mm-3D_glrlm_ShortRunEmphasis,0.5062981881007486
log-sigma-4-0-mm-3D_glrlm_ShortRunHighGrayLevelEmphasis,0.2967196873581543
log-sigma-4-0-mm-3D_glrlm_ShortRunLowGrayLevelEmphasis,-0.11476343196580874
log-sigma-4-0-mm-3D_glszm_GrayLevelNonUniformity,-0.1681915960903597
log-sigma-4-0-mm-3D_glszm_GrayLevelNonUniformityNormalized,-0.20791483822337625
log-sigma-4-0-mm-3D_glszm_GrayLevelVariance,0.14527017367508505
log-sigma-4-0-mm-3D_glszm_HighGrayLevelZoneEmphasis,0.24097454801375431
log-sigma-4-0-mm-3D_glszm_LargeAreaEmphasis,-0.4392057792574758
log-sigma-4-0-mm-3D_glszm_LargeAreaHighGrayLevelEmphasis,-0.2916787305983086
log-sigma-4-0-mm-3D_glszm_LargeAreaLowGrayLevelEmphasis,-0.30099368265033977
log-sigma-4-0-mm-3D_glszm_LowGrayLevelZoneEmphasis,-0.18251519641416408
log-sigma-4-0-mm-3D_glszm_SmallAreaHighGrayLevelEmphasis,0.14673558351404206
log-sigma-4-0-mm-3D_glszm_SmallAreaLowGrayLevelEmphasis,-0.13693058458573246
log-sigma-4-0-mm-3D_glszm_ZoneEntropy,0.12225320864748743
log-sigma-4-0-mm-3D_glszm_ZonePercentage,0.34147264727001125
log-sigma-4-0-mm-3D_glszm_ZoneVariance,-0.4786220369351123
log-sigma-4-0-mm-3D_ngtdm_Busyness,-0.15772306484907445
log-sigma-4-0-mm-3D_ngtdm_Coarseness,0.3892725634766655
log-sigma-4-0-mm-3D_ngtdm_Complexity,0.2188348814350755
log-sigma-4-0-mm-3D_ngtdm_Strength,0.2894237948455594
log-sigma-5-0-mm-3D_firstorder_90Percentile,0.27220528376425845
log-sigma-5-0-mm-3D_firstorder_InterquartileRange,0.1993748276459292
log-sigma-5-0-mm-3D_firstorder_Kurtosis,-0.31334248995904845
log-sigma-5-0-mm-3D_firstorder_Maximum,-0.11895044211795505
log-sigma-5-0-mm-3D_firstorder_MeanAbsoluteDeviation,0.1571132302427326
log-sigma-5-0-mm-3D_firstorder_Mean,0.22495755839801998
log-sigma-5-0-mm-3D_firstorder_Median,0.168462773770735
log-sigma-5-0-mm-3D_firstorder_Minimum,0.10434187489613908
log-sigma-5-0-mm-3D_firstorder_Range,-0.1460746932526954
log-sigma-5-0-mm-3D_firstorder_RobustMeanAbsoluteDeviation,0.19291606810126757
log-sigma-5-0-mm-3D_firstorder_RootMeanSquared,0.19477717417198132
log-sigma-5-0-mm-3D_firstorder_Uniformity,0.12672021421132962
log-sigma-5-0-mm-3D_firstorder_Variance,0.12748069134030662
log-sigma-5-0-mm-3D_glcm_Correlation,-0.19895522528056922
log-sigma-5-0-mm-3D_glcm_Imc1,0.19101419552804308
log-sigma-5-0-mm-3D_glcm_Imc2,-0.18890379873411692
log-sigma-5-0-mm-3D_glcm_MCC,-0.18536622074131748
log-sigma-5-0-mm-3D_gldm_DependenceEntropy,0.27724564096994997
log-sigma-5-0-mm-3D_gldm_DependenceNonUniformity,-0.4741408520641894
log-sigma-5-0-mm-3D_gldm_DependenceNonUniformityNormalized,-0.396976737955653
log-sigma-5-0-mm-3D_gldm_DependenceVariance,0.2235487613201759
log-sigma-5-0-mm-3D_gldm_GrayLevelNonUniformity,-0.4255980246051775
log-sigma-5-0-mm-3D_gldm_LargeDependenceEmphasis,-0.4452682413024745
log-sigma-5-0-mm-3D_gldm_LargeDependenceLowGrayLevelEmphasis,-0.11813685863560322
log-sigma-5-0-mm-3D_gldm_SmallDependenceEmphasis,0.44772187200528846
log-sigma-5-0-mm-3D_gldm_SmallDependenceHighGrayLevelEmphasis,0.12807044081020005
log-sigma-5-0-mm-3D_gldm_SmallDependenceLowGrayLevelEmphasis,0.17211088318398796
log-sigma-5-0-mm-3D_glrlm_GrayLevelNonUniformity,-0.4086848329168168
log-sigma-5-0-mm-3D_glrlm_GrayLevelNonUniformityNormalized,0.2297688491502821
log-sigma-5-0-mm-3D_glrlm_LongRunEmphasis,-0.42869847255766586
log-sigma-5-0-mm-3D_glrlm_LongRunHighGrayLevelEmphasis,-0.15880467557177014
log-sigma-5-0-mm-3D_glrlm_LongRunLowGrayLevelEmphasis,-0.24776952129530763
log-sigma-5-0-mm-3D_glrlm_RunEntropy,-0.45947847088976895
log-sigma-5-0-mm-3D_glrlm_RunLengthNonUniformityNormalized,0.49141706498156484
log-sigma-5-0-mm-3D_glrlm_RunPercentage,0.4655851594537467
log-sigma-5-0-mm-3D_glrlm_RunVariance,-0.33851664198532333
log-sigma-5-0-mm-3D_glrlm_ShortRunEmphasis,0.5419224118585638
log-sigma-5-0-mm-3D_glrlm_ShortRunHighGrayLevelEmphasis,0.10972930336801623
log-sigma-5-0-mm-3D_glszm_LargeAreaEmphasis,-0.4255570365038929
log-sigma-5-0-mm-3D_glszm_LargeAreaHighGrayLevelEmphasis,-0.30434137406754225
log-sigma-5-0-mm-3D_glszm_LargeAreaLowGrayLevelEmphasis,-0.329135529996463
log-sigma-5-0-mm-3D_glszm_ZonePercentage,0.3174067623275936
log-sigma-5-0-mm-3D_glszm_ZoneVariance,-0.4385521075545459
log-sigma-5-0-mm-3D_ngtdm_Coarseness,0.4454910997566696
log-sigma-5-0-mm-3D_ngtdm_Strength,0.11453157893354335
square_firstorder_10Percentile,-0.3805669973599138
square_firstorder_Energy,-0.3530440473557473
square_firstorder_Entropy,0.29197138032130227
square_firstorder_InterquartileRange,0.30360830621574814
square_firstorder_Kurtosis,-0.3465358544023487
square_firstorder_MeanAbsoluteDeviation,0.27621273478420466
square_firstorder_Mean,-0.16909524614284108
square_firstorder_Median,-0.13445441682773412
square_firstorder_Minimum,-0.18874655850273697
square_firstorder_RobustMeanAbsoluteDeviation,0.303073480900907
square_firstorder_RootMeanSquared,-0.13311698145880652
square_firstorder_Skewness,-0.2778537947677405
square_firstorder_TotalEnergy,-0.3530440473557473
square_firstorder_Uniformity,-0.24546052054353285
square_firstorder_Variance,0.2517420811746933
square_glcm_Autocorrelation,-0.16875981556647698
square_glcm_ClusterTendency,0.26540200588330554
square_glcm_Contrast,0.19423360845339618
square_glcm_Correlation,0.16017951037068434
square_glcm_DifferenceAverage,0.17693798349757844
square_glcm_DifferenceEntropy,0.2262078750764809
square_glcm_DifferenceVariance,0.22753859048031422
square_glcm_Id,-0.170923604230327
square_glcm_Idm,-0.17331500482273596
square_glcm_Idn,-0.10178603204526926
square_glcm_Imc1,-0.10953188932027909
square_glcm_Imc2,0.1752297852672462
square_glcm_InverseVariance,0.16115692544084978
square_glcm_JointAverage,-0.17045878992075586
square_glcm_JointEnergy,-0.20778002477423274
square_glcm_JointEntropy,0.2548758840608761
square_glcm_MCC,0.16283801637902182
square_glcm_MaximumProbability,-0.17457837108950588
square_glcm_SumAverage,-0.17045878992075583
square_glcm_SumEntropy,0.2596753789216084
square_glcm_SumSquares,0.25361301832285793
square_gldm_DependenceEntropy,0.34299666253708216
square_gldm_DependenceNonUniformity,-0.4782025452581241
square_gldm_DependenceNonUniformityNormalized,-0.15415025628653464
square_gldm_GrayLevelNonUniformity,-0.5306756162031913
square_gldm_GrayLevelVariance,0.2966868307277801
square_gldm_HighGrayLevelEmphasis,-0.16801826489832436
square_gldm_LargeDependenceEmphasis,-0.29258764766640544
square_gldm_LargeDependenceHighGrayLevelEmphasis,-0.24197834434016818
square_gldm_LowGrayLevelEmphasis,0.18578006860695123
square_gldm_SmallDependenceEmphasis,0.18422013309541208
square_gldm_SmallDependenceLowGrayLevelEmphasis,0.21627889240694476
square_glrlm_GrayLevelNonUniformity,-0.28956619557290125
square_glrlm_HighGrayLevelRunEmphasis,-0.13623423828947442
square_glrlm_LongRunEmphasis,-0.33570121339275855
square_glrlm_LongRunHighGrayLevelEmphasis,-0.29295819747876
square_glrlm_LowGrayLevelRunEmphasis,0.1731091037995357
square_glrlm_RunEntropy,-0.2537286851254012
square_glrlm_RunLengthNonUniformity,-0.10147098382429727
square_glrlm_RunLengthNonUniformityNormalized,0.4554965001208257
square_glrlm_RunPercentage,0.34475475309515496
square_glrlm_RunVariance,-0.30733621547424983
square_glrlm_ShortRunEmphasis,0.4784170890719601
square_glrlm_ShortRunLowGrayLevelEmphasis,0.22250678396139187
square_glszm_GrayLevelVariance,-0.16042777522469834
square_glszm_LargeAreaEmphasis,-0.18949118628984798
square_glszm_LargeAreaHighGrayLevelEmphasis,-0.32637933587953866
square_glszm_LowGrayLevelZoneEmphasis,-0.17934045084914055
square_glszm_ZoneVariance,-0.21523559415305663
square_ngtdm_Coarseness,0.1462211416188913
square_ngtdm_Complexity,0.1774793993545197
square_ngtdm_Strength,0.1946879375010781
squareroot_firstorder_10Percentile,-0.25194529555244477
squareroot_firstorder_Energy,-0.38308342136685947
squareroot_firstorder_Entropy,0.34167059743966655
squareroot_firstorder_InterquartileRange,0.4132306595871847
squareroot_firstorder_MeanAbsoluteDeviation,0.4232657332771222
squareroot_firstorder_Minimum,-0.20268702795599033
squareroot_firstorder_Range,0.19487488816051876
squareroot_firstorder_RobustMeanAbsoluteDeviation,0.4279477202310849
squareroot_firstorder_Skewness,-0.24122951294603687
squareroot_firstorder_TotalEnergy,-0.38308342136685947
squareroot_firstorder_Uniformity,-0.24893577930398972
squareroot_firstorder_Variance,0.38408108750413866
squareroot_glcm_Autocorrelation,0.1759635360871406
squareroot_glcm_ClusterProminence,0.26297189787007835
squareroot_glcm_ClusterShade,-0.29264563275605
squareroot_glcm_ClusterTendency,0.33651008700875845
squareroot_glcm_Contrast,0.30686453267693603
squareroot_glcm_Correlation,0.3149833668580458
squareroot_glcm_DifferenceAverage,0.26338196709320316
squareroot_glcm_DifferenceEntropy,0.3395785520337798
squareroot_glcm_DifferenceVariance,0.3653291422572294
squareroot_glcm_Id,-0.24515553377570531
squareroot_glcm_Idm,-0.2521082195396792
squareroot_glcm_Idn,-0.13254933009658218
squareroot_glcm_Imc1,-0.24317152690083904
squareroot_glcm_Imc2,0.35594677685820947
squareroot_glcm_InverseVariance,0.21340413427039956
squareroot_glcm_JointAverage,0.18168073219570394
squareroot_glcm_JointEnergy,-0.230028855466071
squareroot_glcm_JointEntropy,0.31719815177239613
squareroot_glcm_MCC,0.30301195365723127
squareroot_glcm_MaximumProbability,-0.15979395337044136
squareroot_glcm_SumAverage,0.18168073219570396
squareroot_glcm_SumEntropy,0.31602265941164964
squareroot_glcm_SumSquares,0.3368323254980637
squareroot_gldm_DependenceEntropy,0.3369225485146996
squareroot_gldm_DependenceNonUniformity,-0.5089667063745109
squareroot_gldm_DependenceNonUniformityNormalized,-0.3613549826066972
squareroot_gldm_GrayLevelNonUniformity,-0.4747953193886997
squareroot_gldm_GrayLevelVariance,0.34780861804430097
squareroot_gldm_HighGrayLevelEmphasis,0.17798061610380056
squareroot_gldm_LargeDependenceEmphasis,-0.3043080316001268
squareroot_gldm_LargeDependenceLowGrayLevelEmphasis,-0.3197015888391143
squareroot_gldm_LowGrayLevelEmphasis,-0.17180718460535904
squareroot_gldm_SmallDependenceEmphasis,0.3427259650191566
squareroot_gldm_SmallDependenceHighGrayLevelEmphasis,0.25984269583329134
squareroot_glrlm_GrayLevelNonUniformity,-0.36332386486811324
squareroot_glrlm_GrayLevelNonUniformityNormalized,-0.3435579293185814
squareroot_glrlm_GrayLevelVariance,0.3301541091239307
squareroot_glrlm_HighGrayLevelRunEmphasis,0.1623869147500243
squareroot_glrlm_LongRunEmphasis,-0.3500208391629868
squareroot_glrlm_LongRunHighGrayLevelEmphasis,-0.1279783052340698
squareroot_glrlm_LongRunLowGrayLevelEmphasis,-0.37206412679040946
squareroot_glrlm_LowGrayLevelRunEmphasis,-0.1578441549434041
squareroot_glrlm_RunEntropy,-0.16505264011235773
squareroot_glrlm_RunLengthNonUniformity,0.10314305420281625
squareroot_glrlm_RunLengthNonUniformityNormalized,0.4177488018922858
squareroot_glrlm_RunPercentage,0.337656145804795
squareroot_glrlm_RunVariance,-0.32515402553857164
squareroot_glrlm_ShortRunEmphasis,0.44057146291831
squareroot_glrlm_ShortRunHighGrayLevelEmphasis,0.22664154172581932
squareroot_glszm_GrayLevelNonUniformity,-0.18105984803528782
squareroot_glszm_GrayLevelNonUniformityNormalized,-0.3772067284752325
squareroot_glszm_GrayLevelVariance,0.27789892938669203
squareroot_glszm_HighGrayLevelZoneEmphasis,0.1272824474667697
squareroot_glszm_LargeAreaEmphasis,-0.3294990575799036
squareroot_glszm_LargeAreaHighGrayLevelEmphasis,-0.23990689848283506
squareroot_glszm_LargeAreaLowGrayLevelEmphasis,-0.2776044535029115
squareroot_glszm_SmallAreaHighGrayLevelEmphasis,0.13784784398743932
squareroot_glszm_ZoneEntropy,0.2384571828468051
squareroot_glszm_ZonePercentage,0.1445921468296904
squareroot_glszm_ZoneVariance,-0.3493900708367628
squareroot_ngtdm_Busyness,-0.1840441447333172
squareroot_ngtdm_Complexity,0.2393990393714361
squareroot_ngtdm_Strength,0.18221422038900534
logarithm_firstorder_Energy,-0.2752349627699423
logarithm_firstorder_Entropy,0.12079588695553657
logarithm_firstorder_InterquartileRange,0.37847634773480965
logarithm_firstorder_MeanAbsoluteDeviation,0.39811899336052875
logarithm_firstorder_Minimum,-0.18788519814060764
logarithm_firstorder_Range,0.19578823655261854
logarithm_firstorder_RobustMeanAbsoluteDeviation,0.3940982694650323
logarithm_firstorder_Skewness,-0.16886534716001034
logarithm_firstorder_TotalEnergy,-0.2752349627699423
logarithm_firstorder_Variance,0.33782491872136616
logarithm_glcm_Autocorrelation,0.17129386504203656
logarithm_glcm_ClusterProminence,0.19010890463375837
logarithm_glcm_ClusterShade,-0.24369264553522163
logarithm_glcm_ClusterTendency,0.17621266854347134
logarithm_glcm_Correlation,0.28927272543643595
logarithm_glcm_DifferenceVariance,0.11557011913465216
logarithm_glcm_Imc1,-0.25410151608406495
logarithm_glcm_Imc2,0.25706553126714565
logarithm_glcm_JointAverage,0.179414389899512
logarithm_glcm_JointEntropy,0.10470905833510936
logarithm_glcm_MCC,0.2655375807328743
logarithm_glcm_SumAverage,0.17941438989951186
logarithm_glcm_SumEntropy,0.1066242640310889
logarithm_glcm_SumSquares,0.1558815167379666
logarithm_gldm_DependenceEntropy,0.14580705248783846
logarithm_gldm_DependenceNonUniformity,-0.3015722901528645
logarithm_gldm_DependenceNonUniformityNormalized,-0.17525592566697248
logarithm_gldm_DependenceVariance,0.16517825135782094
logarithm_gldm_GrayLevelNonUniformity,-0.3352732123292552
logarithm_gldm_GrayLevelVariance,0.16465020433953584
logarithm_gldm_HighGrayLevelEmphasis,0.17070101120778675
logarithm_gldm_LargeDependenceEmphasis,-0.13567338787662334
logarithm_gldm_LargeDependenceHighGrayLevelEmphasis,0.10827061391019346
logarithm_gldm_LargeDependenceLowGrayLevelEmphasis,-0.19138529628244624
logarithm_gldm_LowGrayLevelEmphasis,-0.1709532367042198
logarithm_gldm_SmallDependenceEmphasis,0.3107038956987457
logarithm_gldm_SmallDependenceHighGrayLevelEmphasis,0.22388372479329155
logarithm_glrlm_GrayLevelNonUniformity,-0.38875924523078254
logarithm_glrlm_GrayLevelVariance,0.23318387733316787
logarithm_glrlm_HighGrayLevelRunEmphasis,0.15982827975205643
logarithm_glrlm_LongRunEmphasis,-0.1808940566266377
logarithm_glrlm_LongRunLowGrayLevelEmphasis,-0.19636079857197877
logarithm_glrlm_LowGrayLevelRunEmphasis,-0.14728764275402556
logarithm_glrlm_RunLengthNonUniformityNormalized,0.17056017304852333
logarithm_glrlm_RunPercentage,0.14790389356070366
logarithm_glrlm_RunVariance,-0.17686014999618813
logarithm_glrlm_ShortRunEmphasis,0.17636487786050833
logarithm_glrlm_ShortRunHighGrayLevelEmphasis,0.19253374927872605
logarithm_glszm_GrayLevelNonUniformityNormalized,-0.18798820993353613
logarithm_glszm_GrayLevelVariance,0.1627203578595963
logarithm_glszm_LargeAreaEmphasis,-0.29650923036798027
logarithm_glszm_LargeAreaHighGrayLevelEmphasis,-0.17592810784062035
logarithm_glszm_LargeAreaLowGrayLevelEmphasis,-0.18944322822607965
logarithm_glszm_SizeZoneNonUniformityNormalized,-0.19303854085014263
logarithm_glszm_SmallAreaEmphasis,-0.17080269311980625
logarithm_glszm_ZoneEntropy,0.3318109101958507
logarithm_glszm_ZonePercentage,0.2864460426990934
logarithm_glszm_ZoneVariance,-0.31837130568625477
logarithm_ngtdm_Busyness,-0.1781695495409613
logarithm_ngtdm_Complexity,0.15778388262262066
exponential_firstorder_10Percentile,-0.29042685277704294
exponential_firstorder_Energy,-0.21498727041367705
exponential_firstorder_Kurtosis,-0.10360218910184217
exponential_firstorder_Minimum,-0.20077195745622353
exponential_firstorder_Skewness,-0.20594644069390775
exponential_firstorder_TotalEnergy,-0.21498727041367705
exponential_gldm_DependenceEntropy,0.44313401534664076
exponential_gldm_DependenceNonUniformity,-0.4952261377953502
exponential_gldm_DependenceNonUniformityNormalized,-0.4591945650414203
exponential_gldm_DependenceVariance,0.35319139945327144
exponential_gldm_GrayLevelNonUniformity,-0.49484343365024175
exponential_gldm_LargeDependenceEmphasis,-0.48821359428592004
exponential_gldm_LargeDependenceHighGrayLevelEmphasis,-0.4972442502821176
exponential_gldm_LargeDependenceLowGrayLevelEmphasis,-0.4858814384378522
exponential_gldm_SmallDependenceLowGrayLevelEmphasis,0.3266082059894686
exponential_glrlm_GrayLevelNonUniformity,-0.3242569716387586
exponential_glrlm_LongRunEmphasis,-0.4965400006824861
exponential_glrlm_LongRunHighGrayLevelEmphasis,-0.5017464305359914
exponential_glrlm_LongRunLowGrayLevelEmphasis,-0.4952176953339273
exponential_glrlm_RunEntropy,-0.50494812070287
exponential_glrlm_RunLengthNonUniformityNormalized,0.42386227311503577
exponential_glrlm_RunPercentage,0.47931380189231965
exponential_glrlm_RunVariance,-0.43285382128774824
exponential_glrlm_ShortRunEmphasis,0.4375986002352336
exponential_glrlm_ShortRunHighGrayLevelEmphasis,0.10361239768460458
exponential_glrlm_ShortRunLowGrayLevelEmphasis,0.5973995100462715
exponential_glszm_LargeAreaEmphasis,-0.18890074913423566
exponential_glszm_LargeAreaHighGrayLevelEmphasis,-0.18890311330086637
exponential_glszm_LargeAreaLowGrayLevelEmphasis,-0.1889001578076132
gradient_firstorder_10Percentile,0.44770738697732404
gradient_firstorder_90Percentile,0.5276251490757735
gradient_firstorder_Energy,0.19753214116775536
gradient_firstorder_Entropy,0.5349237627493088
gradient_firstorder_InterquartileRange,0.47565160240549514
gradient_firstorder_Kurtosis,-0.43952336860061064
gradient_firstorder_Maximum,0.10743614023315945
gradient_firstorder_MeanAbsoluteDeviation,0.47609384914247055
gradient_firstorder_Mean,0.5589821507954252
gradient_firstorder_Median,0.5471067769395317
gradient_firstorder_Minimum,0.15876903632469702
gradient_firstorder_RobustMeanAbsoluteDeviation,0.4773587403605468
gradient_firstorder_RootMeanSquared,0.5507140705848403
gradient_firstorder_Skewness,-0.4256105384234637
gradient_firstorder_TotalEnergy,0.19753214116775536
gradient_firstorder_Uniformity,-0.5384418859175696
gradient_firstorder_Variance,0.46395613392379803
gradient_glcm_Autocorrelation,0.5002950957408573
gradient_glcm_ClusterProminence,0.45375669504728056
gradient_glcm_ClusterShade,0.49552096429438347
gradient_glcm_ClusterTendency,0.5078264243023904
gradient_glcm_Contrast,0.4863032049821634
gradient_glcm_Correlation,0.2406357294615231
gradient_glcm_DifferenceAverage,0.4878417095349703
gradient_glcm_DifferenceEntropy,0.49398654543195636
gradient_glcm_DifferenceVariance,0.4917557821826532
gradient_glcm_Id,-0.4883188314100729
gradient_glcm_Idm,-0.4881302231085616
gradient_glcm_Idmn,-0.4985046200598047
gradient_glcm_Idn,-0.5030830447511532
gradient_glcm_Imc2,0.4545831045218708
gradient_glcm_InverseVariance,0.48905333103001664
gradient_glcm_JointAverage,0.49988375389235945
gradient_glcm_JointEnergy,-0.5050251099305045
gradient_glcm_JointEntropy,0.5044642963593226
gradient_glcm_MCC,0.22912381707469884
gradient_glcm_MaximumProbability,-0.4983529441138556
gradient_glcm_SumAverage,0.49988375389236017
gradient_glcm_SumEntropy,0.508234228934659
gradient_glcm_SumSquares,0.5026896006409847
gradient_gldm_DependenceEntropy,0.5522404888116837
gradient_gldm_DependenceNonUniformity,-0.5454371432148586
gradient_gldm_DependenceNonUniformityNormalized,-0.5349630980749763
gradient_gldm_DependenceVariance,0.508654484334421
gradient_gldm_GrayLevelNonUniformity,-0.5693608141461277
gradient_gldm_GrayLevelVariance,0.5305108247847226
gradient_gldm_HighGrayLevelEmphasis,0.5282403127311318
gradient_gldm_LargeDependenceEmphasis,-0.5475110976435826
gradient_gldm_LargeDependenceHighGrayLevelEmphasis,-0.5450714792009762
gradient_gldm_LargeDependenceLowGrayLevelEmphasis,-0.5466476939397905
gradient_gldm_LowGrayLevelEmphasis,-0.5314763439463159
gradient_gldm_SmallDependenceEmphasis,0.4510639623316052
gradient_gldm_SmallDependenceHighGrayLevelEmphasis,0.409227476362257
gradient_gldm_SmallDependenceLowGrayLevelEmphasis,0.5049751443112952
gradient_glrlm_GrayLevelNonUniformity,-0.34879505997517196
gradient_glrlm_GrayLevelNonUniformityNormalized,-0.4790445501988154
gradient_glrlm_GrayLevelVariance,0.4515804346849288
gradient_glrlm_HighGrayLevelRunEmphasis,0.4983436570308049
gradient_glrlm_LongRunEmphasis,-0.5564623564393872
gradient_glrlm_LongRunHighGrayLevelEmphasis,-0.5535641018931429
gradient_glrlm_LongRunLowGrayLevelEmphasis,-0.5569261266475468
gradient_glrlm_LowGrayLevelRunEmphasis,-0.5043801063819912
gradient_glrlm_RunEntropy,-0.5377648806041051
gradient_glrlm_RunLengthNonUniformity,0.4046669839679779
gradient_glrlm_RunLengthNonUniformityNormalized,0.5474756165250795
gradient_glrlm_RunPercentage,0.549458665990697
gradient_glrlm_RunVariance,-0.5464194172137662
gradient_glrlm_ShortRunEmphasis,0.5447253603350567
gradient_glrlm_ShortRunHighGrayLevelEmphasis,0.5062948971736543
gradient_glrlm_ShortRunLowGrayLevelEmphasis,0.5489446744031682
gradient_glszm_GrayLevelNonUniformity,-0.47490895816001244
gradient_glszm_GrayLevelNonUniformityNormalized,-0.45416591606037293
gradient_glszm_GrayLevelVariance,0.44174276768808274
gradient_glszm_HighGrayLevelZoneEmphasis,0.1572606749670954
gradient_glszm_LargeAreaEmphasis,-0.3971671450437557
gradient_glszm_LargeAreaHighGrayLevelEmphasis,-0.350031103572974
gradient_glszm_LargeAreaLowGrayLevelEmphasis,-0.40764966095140004
gradient_glszm_LowGrayLevelZoneEmphasis,0.40842236843074625
gradient_glszm_SizeZoneNonUniformity,-0.29155072126355175
gradient_glszm_SmallAreaLowGrayLevelEmphasis,0.24781026973070058
gradient_glszm_ZoneEntropy,0.36165969150538857
gradient_glszm_ZoneVariance,-0.4172904941216344
gradient_ngtdm_Busyness,0.3207107574587733
gradient_ngtdm_Coarseness,-0.28187440834570604
gradient_ngtdm_Complexity,0.4202095592785987
gradient_ngtdm_Contrast,0.5118952915224206
gradient_ngtdm_Strength,-0.26923868933009426
lbp-2D_firstorder_10Percentile,0.12032444007550559
lbp-2D_firstorder_90Percentile,-0.3739541239521852
lbp-2D_firstorder_Energy,-0.5413371978245264
lbp-2D_firstorder_InterquartileRange,-0.3470348807004523
lbp-2D_firstorder_Kurtosis,0.49147071393169256
lbp-2D_firstorder_MeanAbsoluteDeviation,-0.45123372714739385
lbp-2D_firstorder_Mean,-0.42426493568691215
lbp-2D_firstorder_Median,-0.18966201087038642
lbp-2D_firstorder_RobustMeanAbsoluteDeviation,-0.425570170540131
lbp-2D_firstorder_RootMeanSquared,-0.4919783050505052
lbp-2D_firstorder_Skewness,0.5188368347627516
lbp-2D_firstorder_TotalEnergy,-0.5413371978245264
lbp-2D_firstorder_Variance,-0.39825626013251736
lbp-2D_gldm_DependenceEntropy,0.5470728257411395
lbp-2D_gldm_DependenceNonUniformity,-0.5211547225433624
lbp-2D_gldm_DependenceNonUniformityNormalized,-0.5173188919853685
lbp-2D_gldm_DependenceVariance,0.6046143524257173
lbp-2D_gldm_GrayLevelNonUniformity,-0.5033051300182108
lbp-2D_gldm_LargeDependenceEmphasis,-0.5431676911055203
lbp-2D_gldm_LargeDependenceHighGrayLevelEmphasis,-0.5431676911055203
lbp-2D_gldm_LargeDependenceLowGrayLevelEmphasis,-0.5431676911055203
lbp-2D_gldm_SmallDependenceEmphasis,0.570021669046583
lbp-2D_gldm_SmallDependenceHighGrayLevelEmphasis,0.570021669046583
lbp-2D_gldm_SmallDependenceLowGrayLevelEmphasis,0.570021669046583
lbp-2D_glrlm_GrayLevelNonUniformity,-0.34316461816613864
lbp-2D_glrlm_LongRunEmphasis,-0.5498443764011437
lbp-2D_glrlm_LongRunHighGrayLevelEmphasis,-0.5498443764011437
lbp-2D_glrlm_LongRunLowGrayLevelEmphasis,-0.5498443764011437
lbp-2D_glrlm_RunEntropy,-0.5292546073739189
lbp-2D_glrlm_RunLengthNonUniformity,0.2346416132770326
lbp-2D_glrlm_RunLengthNonUniformityNormalized,0.5470109329654341
lbp-2D_glrlm_RunPercentage,0.5517393495215736
lbp-2D_glrlm_RunVariance,-0.43942857120744827
lbp-2D_glrlm_ShortRunEmphasis,0.6070133610427025
lbp-2D_glrlm_ShortRunHighGrayLevelEmphasis,0.6070133610427025
lbp-2D_glrlm_ShortRunLowGrayLevelEmphasis,0.6070133610427025
lbp-2D_glszm_LargeAreaEmphasis,-0.4922407596135954
lbp-2D_glszm_LargeAreaHighGrayLevelEmphasis,-0.4922407596135954
lbp-2D_glszm_LargeAreaLowGrayLevelEmphasis,-0.4922407596135954
lbp-2D_glszm_SmallAreaEmphasis,0.462748058229995
lbp-2D_glszm_SmallAreaHighGrayLevelEmphasis,0.462748058229995
lbp-2D_glszm_SmallAreaLowGrayLevelEmphasis,0.462748058229995
lbp-2D_glszm_ZonePercentage,0.4942202043177426
lbp-2D_glszm_ZoneVariance,0.16568523362261
lbp-3D-m1_firstorder_10Percentile,0.1737718209710389
lbp-3D-m1_firstorder_90Percentile,-0.47947847806612015
lbp-3D-m1_firstorder_Energy,-0.5291464200143339
lbp-3D-m1_firstorder_InterquartileRange,-0.4736107876288254
lbp-3D-m1_firstorder_Kurtosis,0.5391559977107631
lbp-3D-m1_firstorder_MeanAbsoluteDeviation,-0.5212998954104905
lbp-3D-m1_firstorder_Mean,-0.3145007072926092
lbp-3D-m1_firstorder_Median,-0.25638076343523364
lbp-3D-m1_firstorder_RobustMeanAbsoluteDeviation,-0.540884681843227
lbp-3D-m1_firstorder_RootMeanSquared,-0.42460314219356143
lbp-3D-m1_firstorder_TotalEnergy,-0.5291464200143339
lbp-3D-m1_firstorder_Variance,-0.4804776580450059
lbp-3D-m1_gldm_DependenceEntropy,0.5470728257411395
lbp-3D-m1_gldm_DependenceNonUniformity,-0.5211547225433624
lbp-3D-m1_gldm_DependenceNonUniformityNormalized,-0.5173188919853685
lbp-3D-m1_gldm_DependenceVariance,0.6046143524257173
lbp-3D-m1_gldm_GrayLevelNonUniformity,-0.5033051300182108
lbp-3D-m1_gldm_LargeDependenceEmphasis,-0.5431676911055203
lbp-3D-m1_gldm_LargeDependenceHighGrayLevelEmphasis,-0.5431676911055203
lbp-3D-m1_gldm_LargeDependenceLowGrayLevelEmphasis,-0.5431676911055203
lbp-3D-m1_gldm_SmallDependenceEmphasis,0.570021669046583
lbp-3D-m1_gldm_SmallDependenceHighGrayLevelEmphasis,0.570021669046583
lbp-3D-m1_gldm_SmallDependenceLowGrayLevelEmphasis,0.570021669046583
lbp-3D-m1_glrlm_GrayLevelNonUniformity,-0.34316461816613864
lbp-3D-m1_glrlm_LongRunEmphasis,-0.5498443764011437
lbp-3D-m1_glrlm_LongRunHighGrayLevelEmphasis,-0.5498443764011437
lbp-3D-m1_glrlm_LongRunLowGrayLevelEmphasis,-0.5498443764011437
lbp-3D-m1_glrlm_RunEntropy,-0.5292546073739189
lbp-3D-m1_glrlm_RunLengthNonUniformity,0.2346416132770326
lbp-3D-m1_glrlm_RunLengthNonUniformityNormalized,0.5470109329654341
lbp-3D-m1_glrlm_RunPercentage,0.5517393495215736
lbp-3D-m1_glrlm_RunVariance,-0.43942857120744827
lbp-3D-m1_glrlm_ShortRunEmphasis,0.6070133610427025
lbp-3D-m1_glrlm_ShortRunHighGrayLevelEmphasis,0.6070133610427025
lbp-3D-m1_glrlm_ShortRunLowGrayLevelEmphasis,0.6070133610427025
lbp-3D-m1_glszm_LargeAreaEmphasis,-0.4922407596135954
lbp-3D-m1_glszm_LargeAreaHighGrayLevelEmphasis,-0.4922407596135954
lbp-3D-m1_glszm_LargeAreaLowGrayLevelEmphasis,-0.4922407596135954
lbp-3D-m1_glszm_SmallAreaEmphasis,0.462748058229995
lbp-3D-m1_glszm_SmallAreaHighGrayLevelEmphasis,0.462748058229995
lbp-3D-m1_glszm_SmallAreaLowGrayLevelEmphasis,0.462748058229995
lbp-3D-m1_glszm_ZonePercentage,0.4942202043177426
lbp-3D-m1_glszm_ZoneVariance,0.16568523362261
lbp-3D-m2_firstorder_10Percentile,0.2243548972500324
lbp-3D-m2_firstorder_90Percentile,-0.38854917043233567
lbp-3D-m2_firstorder_Energy,-0.5116544851164752
lbp-3D-m2_firstorder_InterquartileRange,-0.4827078468087381
lbp-3D-m2_firstorder_Kurtosis,0.4773526760232713
lbp-3D-m2_firstorder_Maximum,-0.1292624987820127
lbp-3D-m2_firstorder_MeanAbsoluteDeviation,-0.410697432373116
lbp-3D-m2_firstorder_Mean,-0.11594727482502026
lbp-3D-m2_firstorder_Median,-0.1597630682257142
lbp-3D-m2_firstorder_Range,-0.1292624987820127
lbp-3D-m2_firstorder_RobustMeanAbsoluteDeviation,-0.4671723190958903
lbp-3D-m2_firstorder_RootMeanSquared,-0.23551481550728254
lbp-3D-m2_firstorder_TotalEnergy,-0.5116544851164752
lbp-3D-m2_firstorder_Variance,-0.35264846854182824
lbp-3D-m2_gldm_DependenceEntropy,0.5470728257411395
lbp-3D-m2_gldm_DependenceNonUniformity,-0.5211547225433624
lbp-3D-m2_gldm_DependenceNonUniformityNormalized,-0.5173188919853685
lbp-3D-m2_gldm_DependenceVariance,0.6046143524257173
lbp-3D-m2_gldm_GrayLevelNonUniformity,-0.5033051300182108
lbp-3D-m2_gldm_LargeDependenceEmphasis,-0.5431676911055203
lbp-3D-m2_gldm_LargeDependenceHighGrayLevelEmphasis,-0.5431676911055203
lbp-3D-m2_gldm_LargeDependenceLowGrayLevelEmphasis,-0.5431676911055203
lbp-3D-m2_gldm_SmallDependenceEmphasis,0.570021669046583
lbp-3D-m2_gldm_SmallDependenceHighGrayLevelEmphasis,0.570021669046583
lbp-3D-m2_gldm_SmallDependenceLowGrayLevelEmphasis,0.570021669046583
lbp-3D-m2_glrlm_GrayLevelNonUniformity,-0.34316461816613864
lbp-3D-m2_glrlm_LongRunEmphasis,-0.5498443764011437
lbp-3D-m2_glrlm_LongRunHighGrayLevelEmphasis,-0.5498443764011437
lbp-3D-m2_glrlm_LongRunLowGrayLevelEmphasis,-0.5498443764011437
lbp-3D-m2_glrlm_RunEntropy,-0.5292546073739189
lbp-3D-m2_glrlm_RunLengthNonUniformity,0.2346416132770326
lbp-3D-m2_glrlm_RunLengthNonUniformityNormalized,0.5470109329654341
lbp-3D-m2_glrlm_RunPercentage,0.5517393495215736
lbp-3D-m2_glrlm_RunVariance,-0.43942857120744827
lbp-3D-m2_glrlm_ShortRunEmphasis,0.6070133610427025
lbp-3D-m2_glrlm_ShortRunHighGrayLevelEmphasis,0.6070133610427025
lbp-3D-m2_glrlm_ShortRunLowGrayLevelEmphasis,0.6070133610427025
lbp-3D-m2_glszm_LargeAreaEmphasis,-0.4922407596135954
lbp-3D-m2_glszm_LargeAreaHighGrayLevelEmphasis,-0.4922407596135954
lbp-3D-m2_glszm_LargeAreaLowGrayLevelEmphasis,-0.4922407596135954
lbp-3D-m2_glszm_SmallAreaEmphasis,0.462748058229995
lbp-3D-m2_glszm_SmallAreaHighGrayLevelEmphasis,0.462748058229995
lbp-3D-m2_glszm_SmallAreaLowGrayLevelEmphasis,0.462748058229995
lbp-3D-m2_glszm_ZonePercentage,0.4942202043177426
lbp-3D-m2_glszm_ZoneVariance,0.16568523362261
lbp-3D-k_firstorder_10Percentile,-0.3181311823373774
lbp-3D-k_firstorder_90Percentile,-0.23060387756515288
lbp-3D-k_firstorder_Energy,-0.4148957719240939
lbp-3D-k_firstorder_Entropy,-0.21091905831603458
lbp-3D-k_firstorder_Maximum,-0.10599188372668805
lbp-3D-k_firstorder_MeanAbsoluteDeviation,-0.10515034437659
lbp-3D-k_firstorder_Mean,-0.38708461207301814
lbp-3D-k_firstorder_Median,-0.4674563056279933
lbp-3D-k_firstorder_Minimum,0.21014185708775282
lbp-3D-k_firstorder_Range,-0.11626752196372442
lbp-3D-k_firstorder_RootMeanSquared,0.48843300803313827
lbp-3D-k_firstorder_Skewness,0.1910483682050188
lbp-3D-k_firstorder_TotalEnergy,-0.4148957719240939
lbp-3D-k_firstorder_Uniformity,0.21315895084252892
lbp-3D-k_firstorder_Variance,-0.10954375300639568
lbp-3D-k_glcm_Autocorrelation,-0.16686772013003737
lbp-3D-k_glcm_ClusterProminence,-0.10474575791605492
lbp-3D-k_glcm_ClusterShade,-0.11263234466596456
lbp-3D-k_glcm_ClusterTendency,-0.15555303330476236
lbp-3D-k_glcm_Contrast,-0.19098977474267684
lbp-3D-k_glcm_Correlation,0.131237313946731
lbp-3D-k_glcm_DifferenceAverage,-0.19098977474267684
lbp-3D-k_glcm_DifferenceEntropy,-0.18688763201592695
lbp-3D-k_glcm_DifferenceVariance,-0.18875631160592876
lbp-3D-k_glcm_Id,0.19098977474267623
lbp-3D-k_glcm_Idm,0.19098977474267623
lbp-3D-k_glcm_Idmn,0.19098977474267104
lbp-3D-k_glcm_Idn,0.190989774742676
lbp-3D-k_glcm_Imc1,-0.15038131419818626
lbp-3D-k_glcm_Imc2,0.10777115404911007
lbp-3D-k_glcm_InverseVariance,-0.19098977474267684
lbp-3D-k_glcm_JointAverage,-0.1727895863680321
lbp-3D-k_glcm_JointEnergy,0.17825902053898326
lbp-3D-k_glcm_JointEntropy,-0.17197746277207412
lbp-3D-k_glcm_MCC,0.13214715259435986
lbp-3D-k_glcm_MaximumProbability,0.18053109479090035
lbp-3D-k_glcm_SumAverage,-0.1727895863680318
lbp-3D-k_glcm_SumEntropy,-0.16636082245293324
lbp-3D-k_glcm_SumSquares,-0.17163239827951782
lbp-3D-k_gldm_DependenceEntropy,0.17936992542820396
lbp-3D-k_gldm_DependenceNonUniformity,-0.46709571369828573
lbp-3D-k_gldm_DependenceNonUniformityNormalized,-0.2142393283351477
lbp-3D-k_gldm_GrayLevelNonUniformity,-0.46055810825080196
lbp-3D-k_gldm_GrayLevelVariance,-0.213158950842529
lbp-3D-k_gldm_HighGrayLevelEmphasis,-0.2144658134157514
lbp-3D-k_gldm_LargeDependenceEmphasis,-0.2162744904637475
lbp-3D-k_gldm_LargeDependenceHighGrayLevelEmphasis,-0.26259178940162736
lbp-3D-k_gldm_LargeDependenceLowGrayLevelEmphasis,-0.20563627693437977
lbp-3D-k_gldm_LowGrayLevelEmphasis,0.2144658134157524
lbp-3D-k_gldm_SmallDependenceHighGrayLevelEmphasis,-0.10210499383041957
lbp-3D-k_gldm_SmallDependenceLowGrayLevelEmphasis,0.38239910256967063
lbp-3D-k_glrlm_GrayLevelNonUniformity,-0.43738809567271386
lbp-3D-k_glrlm_GrayLevelNonUniformityNormalized,0.41922674231064966
lbp-3D-k_glrlm_GrayLevelVariance,-0.41922674231065055
lbp-3D-k_glrlm_HighGrayLevelRunEmphasis,-0.42721097591924306
lbp-3D-k_glrlm_LongRunEmphasis,-0.2167525131574548
lbp-3D-k_glrlm_LongRunHighGrayLevelEmphasis,-0.250311370050957
lbp-3D-k_glrlm_LongRunLowGrayLevelEmphasis,-0.20859316693644234
lbp-3D-k_glrlm_LowGrayLevelRunEmphasis,0.4272109759192432
lbp-3D-k_glrlm_RunEntropy,-0.35018489903801353
lbp-3D-k_glrlm_RunLengthNonUniformity,-0.3089033254488138
lbp-3D-k_glrlm_RunLengthNonUniformityNormalized,0.15828569985738206
lbp-3D-k_glrlm_RunPercentage,0.2136789538537353
lbp-3D-k_glrlm_RunVariance,-0.2581423421541323
lbp-3D-k_glrlm_ShortRunEmphasis,0.12429265201269113
lbp-3D-k_glrlm_ShortRunHighGrayLevelEmphasis,-0.3155955762920989
lbp-3D-k_glrlm_ShortRunLowGrayLevelEmphasis,0.4415559990561022
lbp-3D-k_glszm_GrayLevelNonUniformity,-0.2862555378849578
lbp-3D-k_glszm_GrayLevelNonUniformityNormalized,-0.2294248846596144
lbp-3D-k_glszm_GrayLevelVariance,0.22942488465961497
lbp-3D-k_glszm_HighGrayLevelZoneEmphasis,-0.22618496072780428
lbp-3D-k_glszm_LargeAreaEmphasis,-0.3475866551433029
lbp-3D-k_glszm_LargeAreaHighGrayLevelEmphasis,-0.34438958253919216
lbp-3D-k_glszm_LargeAreaLowGrayLevelEmphasis,-0.3483566874910926
lbp-3D-k_glszm_LowGrayLevelZoneEmphasis,0.22618496072780278
lbp-3D-k_glszm_SizeZoneNonUniformity,-0.27715451875091696
lbp-3D-k_glszm_ZoneVariance,-0.36246744130797376
lbp-3D-k_ngtdm_Busyness,-0.45368472180408564
lbp-3D-k_ngtdm_Coarseness,0.46592500587854957
lbp-3D-k_ngtdm_Complexity,-0.228794352291289
lbp-3D-k_ngtdm_Contrast,-0.2278880804673997
lbp-3D-k_ngtdm_Strength,0.4663413456909916
Transition,1.0
